"","SERIALNO","PUMA","WGTP","NP","VEH","FINCP"
0,2010000001544,2100,4,2,4,105000
1,2010000003705,2100,42,9,6,14500
2,2010000003960,2100,14,2,1,9100
3,2010000005664,2100,60,0,0,0
4,2010000009746,2100,0,1,0,0
5,2010000011119,2100,21,2,3,135000
6,2010000013619,2100,23,2,2,21000
7,2010000015489,2100,12,2,2,95200
8,2010000015583,2100,3,2,2,86700
9,2010000016265,2100,4,3,3,111100
10,2010000017400,2100,21,1,1,376000
11,2010000018713,2100,68,2,1,17200
12,2010000020200,2100,5,2,3,72850
13,2010000021692,2100,3,2,2,60000
14,2010000022485,2100,4,4,2,73000
15,2010000023510,2100,5,1,2,6400
16,2010000024920,2100,17,1,6,202000
17,2010000027600,2100,19,2,2,109000
18,2010000027674,2100,17,2,3,248400
19,2010000028752,2100,20,2,3,88700
20,2010000029858,2100,0,1,0,0
21,2010000029917,2100,21,1,1,37000
22,2010000030428,2100,22,1,1,50200
23,2010000033253,2100,12,1,2,39400
24,2010000033684,2100,14,1,1,73900
25,2010000037441,2100,13,4,0,14000
26,2010000039253,2100,46,4,2,22000
27,2010000039846,2100,0,1,0,0
28,2010000041528,2100,15,3,2,76500
29,2010000041617,2100,19,1,1,16500
30,2010000044028,2100,18,1,1,16600
31,2010000044048,2100,4,6,2,78400
32,2010000044684,2100,3,1,1,48200
33,2010000044769,2100,19,2,2,159600
34,2010000045608,2100,12,1,1,109700
35,2010000048058,2100,14,3,3,50001
36,2010000049324,2100,18,1,0,11800
37,2010000050567,2100,4,2,2,60200
38,2010000053797,2100,5,3,3,90000
39,2010000053878,2100,4,2,2,98030
40,2010000055033,2100,0,1,0,0
41,2010000058144,2100,17,2,2,75200
42,2010000058288,2100,15,1,2,20000
43,2010000058605,2100,10,1,0,0
44,2010000063186,2100,12,2,2,0
45,2010000064678,2100,3,2,3,136100
46,2010000069357,2100,16,1,1,24000
47,2010000070554,2100,4,2,2,23100
48,2010000071189,2100,15,4,2,90000
49,2010000071373,2100,0,1,0,0
50,2010000071780,2100,22,2,2,61300
51,2010000071943,2100,22,1,1,113000
52,2010000072131,2100,0,1,0,0
53,2010000075198,2100,5,2,3,56500
54,2010000075688,2100,48,1,0,8300
55,2010000076474,2100,20,2,2,218000
56,2010000078737,2100,0,1,0,0
57,2010000079098,2100,62,3,2,57400
58,2010000082162,2100,56,0,0,0
59,2010000082187,2100,13,2,2,54000
60,2010000085413,2100,19,2,1,66500
61,2010000085698,2100,15,2,1,80900
62,2010000088273,2100,0,1,0,0
63,2010000088582,2100,15,2,1,43000
64,2010000088815,2100,13,3,2,61400
65,2010000088891,2100,20,6,2,105000
66,2010000090180,2100,3,1,2,26400
67,2010000090730,2100,14,3,4,80000
68,2010000091412,2100,20,1,1,42000
69,2010000091791,2100,5,6,3,161000
70,2010000095768,2100,12,1,1,19000
71,2010000098721,2100,13,1,1,27600
72,2010000100774,2100,23,3,3,77000
73,2010000101405,2100,0,1,0,0
74,2010000101444,2100,0,1,0,0
75,2010000101912,2100,22,2,2,22050
76,2010000102416,2100,0,1,0,0
77,2010000103936,2100,6,1,1,41000
78,2010000105781,2100,6,1,1,28000
79,2010000105896,2100,25,2,2,58970
80,2010000106598,2100,3,2,2,41600
81,2010000110107,2100,13,4,1,180000
82,2010000111366,2100,5,4,2,54540
83,2010000113459,2100,25,1,1,46000
84,2010000114887,2100,16,1,1,50000
85,2010000115094,2100,39,0,0,0
86,2010000115416,2100,65,1,1,30000
87,2010000117149,2100,0,1,0,0
88,2010000118879,2100,4,1,2,41100
89,2010000122186,2100,17,3,3,149500
90,2010000122836,2100,20,2,2,164600
91,2010000123330,2100,0,1,0,0
92,2010000124188,2100,8,2,1,50090
93,2010000126490,2100,14,2,1,141800
94,2010000126717,2100,15,5,4,75500
95,2010000127636,2100,22,2,2,12400
96,2010000129622,2100,39,1,0,0
97,2010000132164,2100,0,1,0,0
98,2010000132389,2100,14,2,2,47780
99,2010000132569,2100,43,2,0,1200
100,2010000134449,2100,22,1,0,840
101,2010000135155,2100,10,2,3,25000
102,2010000135392,2100,40,2,2,2650
103,2010000135536,2100,13,2,2,30000
104,2010000136370,2100,16,3,2,39350
105,2010000138674,2100,49,2,1,50000
106,2010000139217,2100,21,4,3,161100
107,2010000139676,2100,15,2,3,111500
108,2010000140372,2100,16,3,2,56400
109,2010000140487,2100,23,2,2,109000
110,2010000141161,2100,15,2,1,67200
111,2010000143265,2100,0,1,0,0
112,2010000147723,2100,4,1,2,50000
113,2010000149855,2100,15,3,2,165000
114,2010000149937,2100,24,2,2,129300
115,2010000151093,2100,15,2,2,126700
116,2010000155503,2100,13,2,1,7500
117,2010000159940,2100,47,2,2,63600
118,2010000164274,2100,13,2,2,209300
119,2010000165159,2100,21,3,2,60000
120,2010000166753,2100,3,4,2,79300
121,2010000166943,2100,18,1,0,26900
122,2010000166991,2100,23,2,2,83400
123,2010000167362,2100,16,2,1,23000
124,2010000168120,2100,22,2,2,88000
125,2010000168774,2100,19,4,2,125000
126,2010000170305,2100,43,0,0,0
127,2010000172546,2100,5,2,3,120000
128,2010000173476,2100,4,2,2,56200
129,2010000174886,2100,0,1,0,0
130,2010000175458,2100,34,0,0,0
131,2010000175653,2100,14,1,1,18000
132,2010000177273,2100,9,1,1,5000
133,2010000178374,2100,12,4,2,18000
134,2010000179281,2100,15,2,2,65180
135,2010000179532,2100,16,1,1,16910
136,2010000180124,2100,18,1,1,51000
137,2010000181550,2100,19,1,0,18800
138,2010000182947,2100,19,1,1,80010
139,2010000186240,2100,14,4,3,99200
140,2010000186759,2100,13,2,2,121900
141,2010000188053,2100,14,4,3,21000
142,2010000193055,2100,0,1,0,0
143,2010000193252,2100,52,0,0,0
144,2010000193478,2100,10,1,0,14400
145,2010000195869,2100,20,1,1,12040
146,2010000195917,2100,5,2,2,43000
147,2010000198680,2100,19,6,3,48300
148,2010000201525,2100,16,1,1,10900
149,2010000202548,2100,2,2,2,84000
150,2010000204766,2100,5,2,2,81700
151,2010000205800,2100,0,1,0,0
152,2010000207623,2100,24,1,0,0
153,2010000207741,2100,4,2,2,89000
154,2010000210329,2100,4,3,2,40700
155,2010000210453,2100,19,2,2,199000
156,2010000214400,2100,15,1,0,0
157,2010000218160,2100,13,1,1,127400
158,2010000219406,2100,21,1,0,0
159,2010000220522,2100,20,2,2,35700
160,2010000222524,2100,19,1,0,150
161,2010000223573,2100,0,1,0,0
162,2010000224670,2100,0,1,0,0
163,2010000227994,2100,15,3,1,127000
164,2010000228591,2100,21,2,0,18000
165,2010000229398,2100,13,1,1,5000
166,2010000229492,2100,13,2,1,56400
167,2010000229858,2100,37,6,2,16900
168,2010000231324,2100,41,1,2,60000
169,2010000232615,2100,14,4,2,4950
170,2010000235641,2100,15,4,3,209600
171,2010000236508,2100,0,1,0,0
172,2010000237222,2100,13,2,2,103000
173,2010000243907,2100,5,3,2,68300
174,2010000245878,2100,44,2,2,102000
175,2010000246763,2100,3,2,2,113000
176,2010000246783,2100,42,1,1,33300
177,2010000248279,2100,5,1,1,21000
178,2010000248611,2100,33,1,0,17000
179,2010000250265,2100,19,1,0,30400
180,2010000252369,2100,6,4,1,0
181,2010000253525,2100,19,1,2,106300
182,2010000253628,2100,56,0,0,0
183,2010000255787,2100,65,3,1,60000
184,2010000256549,2100,23,3,2,49000
185,2010000258975,2100,3,1,1,10400
186,2010000259689,2100,67,3,2,71800
187,2010000259906,2100,99,1,1,8000
188,2010000260100,2100,68,0,0,0
189,2010000261288,2100,7,3,2,98000
190,2010000261482,2100,16,6,2,72000
191,2010000263571,2100,0,1,0,0
192,2010000265308,2100,5,2,2,169000
193,2010000265409,2100,5,2,3,66800
194,2010000266191,2100,14,4,2,124500
195,2010000268029,2100,50,0,0,0
196,2010000269968,2100,23,4,1,83200
197,2010000271941,2100,17,1,1,15300
198,2010000272131,2100,17,4,1,11000
199,2010000274399,2100,40,1,0,10000
200,2010000275235,2100,4,2,2,61390
201,2010000275271,2100,21,1,1,19600
202,2010000275700,2100,15,1,2,381000
203,2010000275795,2100,17,1,1,37000
204,2010000277332,2100,21,1,0,13770
205,2010000277637,2100,20,2,2,167000
206,2010000278555,2100,18,3,2,57750
207,2010000278862,2100,9,1,1,39000
208,2010000280369,2100,21,1,1,81200
209,2010000291892,2100,19,1,1,22000
210,2010000295201,2100,0,1,0,0
211,2010000296221,2100,28,1,0,8100
212,2010000296823,2100,17,1,1,29500
213,2010000297324,2100,67,3,3,153600
214,2010000300255,2100,26,2,3,30000
215,2010000300282,2100,14,5,2,85300
216,2010000300338,2100,18,1,1,24000
217,2010000300373,2100,5,5,2,90000
218,2010000302600,2100,36,1,1,1000
219,2010000304448,2100,29,1,1,500
220,2010000308313,2100,5,3,2,33410
221,2010000310922,2100,21,1,1,30000
222,2010000313840,2100,17,2,2,117000
223,2010000314343,2100,114,1,1,25000
224,2010000314869,2100,0,1,0,0
225,2010000322010,2100,0,1,0,0
226,2010000322899,2100,20,1,1,65000
227,2010000323467,2100,0,1,0,0
228,2010000325153,2100,3,2,2,13800
229,2010000326715,2100,37,1,0,28000
230,2010000329758,2100,4,3,2,16500
231,2010000329798,2100,0,1,0,0
232,2010000329981,2100,20,2,1,72020
233,2010000330457,2100,12,3,3,65500
234,2010000331726,2100,14,2,3,100700
235,2010000332238,2100,28,2,2,23000
236,2010000333878,2100,20,2,1,75300
237,2010000334035,2100,4,2,1,53900
238,2010000334689,2100,20,2,2,48900
239,2010000334976,2100,14,2,2,258000
240,2010000335917,2100,13,1,1,30510
241,2010000337311,2100,16,2,2,80000
242,2010000337754,2100,19,1,1,40100
243,2010000339193,2100,22,2,0,11900
244,2010000339896,2100,17,4,4,137000
245,2010000340338,2100,0,1,0,0
246,2010000344364,2100,32,2,6,51000
247,2010000345448,2100,19,1,1,116000
248,2010000345859,2100,20,6,3,241000
249,2010000346161,2100,16,2,1,9000
250,2010000346501,2100,24,3,0,5000
251,2010000346817,2100,14,1,2,2e+05
252,2010000347953,2100,98,1,1,33000
253,2010000349458,2100,15,4,2,150000
254,2010000349459,2100,6,3,2,72000
255,2010000354006,2100,17,3,2,76000
256,2010000355239,2100,57,0,0,0
257,2010000356089,2100,20,3,2,79010
258,2010000357208,2100,0,1,0,0
259,2010000357624,2100,0,1,0,0
260,2010000358226,2100,21,2,2,457500
261,2010000359313,2100,0,1,0,0
262,2010000363504,2100,5,5,3,117000
263,2010000366385,2100,4,2,2,106900
264,2010000366780,2100,0,1,0,0
265,2010000367269,2100,19,4,1,55000
266,2010000367421,2100,16,3,1,2460
267,2010000368953,2100,20,5,2,27000
268,2010000368975,2100,11,1,0,18000
269,2010000370069,2100,45,3,3,107000
270,2010000371077,2100,17,1,1,60000
271,2010000372047,2100,21,6,3,53500
272,2010000372289,2100,13,1,1,17990
273,2010000373251,2100,13,1,2,29400
274,2010000373798,2100,27,1,2,42000
275,2010000374043,2100,19,1,1,11500
276,2010000375030,2100,14,2,2,42000
277,2010000375558,2100,0,1,0,0
278,2010000376974,2100,0,1,0,0
279,2010000378241,2100,18,2,2,119000
280,2010000378940,2100,24,2,4,157400
281,2010000379775,2100,8,3,0,3200
282,2010000384104,2100,4,2,2,46100
283,2010000385124,2100,57,1,1,38000
284,2010000385480,2100,22,4,2,92200
285,2010000386459,2100,0,1,0,0
286,2010000387320,2100,8,3,0,15300
287,2010000390645,2100,5,2,4,59910
288,2010000390775,2100,0,1,0,0
289,2010000391132,2100,4,2,1,25300
290,2010000391768,2100,0,1,0,0
291,2010000393165,2100,17,2,1,40700
292,2010000393984,2100,19,1,0,13000
293,2010000395495,2100,0,1,0,0
294,2010000398224,2100,5,1,1,300
295,2010000398405,2100,17,1,1,27500
296,2010000399251,2100,0,1,0,0
297,2010000399737,2100,9,3,2,70000
298,2010000400758,2100,56,0,0,0
299,2010000401942,2100,19,2,2,156000
300,2010000402665,2100,80,4,4,31000
301,2010000403689,2100,14,2,1,29500
302,2010000405788,2100,42,3,3,175000
303,2010000408378,2100,4,6,4,61600
304,2010000410356,2100,13,1,1,20520
305,2010000411161,2100,0,1,0,0
306,2010000411692,2100,5,2,1,17350
307,2010000412181,2100,0,1,0,0
308,2010000412516,2100,9,2,2,3010
309,2010000412906,2100,16,1,1,6150
310,2010000416356,2100,10,5,2,70000
311,2010000420001,2100,60,2,0,37600
312,2010000421784,2100,16,4,2,106000
313,2010000421830,2100,12,2,2,31000
314,2010000422427,2100,18,1,0,14400
315,2010000424864,2100,28,3,2,119600
316,2010000426322,2100,18,3,2,9400
317,2010000426631,2100,42,2,2,104000
318,2010000428056,2100,19,2,3,333500
319,2010000430785,2100,15,1,2,35200
320,2010000431203,2100,5,3,3,15000
321,2010000431574,2100,4,4,2,81000
322,2010000433350,2100,21,2,0,8000
323,2010000434812,2100,21,2,1,12920
324,2010000435785,2100,16,2,4,68000
325,2010000436009,2100,74,3,2,45000
326,2010000437711,2100,22,4,2,165000
327,2010000438350,2100,111,1,1,36000
328,2010000439158,2100,43,0,0,0
329,2010000440521,2100,17,4,2,378100
330,2010000442667,2100,25,3,1,50000
331,2010000443743,2100,4,1,1,36000
332,2010000446579,2100,22,1,1,8000
333,2010000447334,2100,0,1,0,0
334,2010000448708,2100,22,1,1,16400
335,2010000448929,2100,14,3,2,18900
336,2010000449262,2100,17,3,1,29400
337,2010000449583,2100,13,1,1,17000
338,2010000451484,2100,17,1,1,30900
339,2010000454443,2100,13,2,2,38400
340,2010000454702,2100,15,2,2,160000
341,2010000458055,2100,15,2,2,42570
342,2010000460357,2100,5,2,2,109700
343,2010000460797,2100,30,1,0,13000
344,2010000462252,2100,14,2,1,30500
345,2010000465588,2100,52,7,2,27000
346,2010000465955,2100,4,2,3,93300
347,2010000465957,2100,4,1,1,52010
348,2010000465997,2100,12,4,2,218000
349,2010000467387,2100,15,1,1,126000
350,2010000467758,2100,44,3,2,41600
351,2010000469601,2100,18,1,1,1e+05
352,2010000470556,2100,21,2,1,134500
353,2010000473340,2100,0,1,0,0
354,2010000473521,2100,23,2,2,67400
355,2010000474874,2100,21,3,2,408000
356,2010000477343,2100,19,1,1,10200
357,2010000478814,2100,4,2,1,67000
358,2010000480642,2100,15,2,2,103800
359,2010000481146,2100,8,3,4,76000
360,2010000481334,2100,63,0,0,0
361,2010000485238,2100,42,1,1,32000
362,2010000486071,2100,17,1,1,38000
363,2010000487787,2100,13,0,0,0
364,2010000489569,2100,20,2,2,156250
365,2010000492437,2100,14,1,1,26000
366,2010000495705,2100,3,4,3,72000
367,2010000495865,2100,21,2,2,65750
368,2010000499066,2100,0,1,0,0
369,2010000499112,2100,21,1,1,20000
370,2010000500488,2100,19,1,1,32900
371,2010000502007,2100,0,1,0,0
372,2010000503466,2100,15,1,0,12000
373,2010000504532,2100,15,2,2,130000
374,2010000506201,2100,4,2,2,81000
375,2010000506212,2100,17,2,2,146960
376,2010000506218,2100,12,2,2,53500
377,2010000506312,2100,20,3,3,121700
378,2010000508793,2100,9,3,3,84800
379,2010000509392,2100,36,1,1,75020
380,2010000509417,2100,33,1,0,65000
381,2010000509720,2100,0,1,0,0
382,2010000511705,2100,22,2,2,91800
383,2010000512540,2100,0,1,0,0
384,2010000513050,2100,10,4,2,86200
385,2010000513353,2100,20,1,1,16000
386,2010000517909,2100,3,4,2,44100
387,2010000518150,2100,3,4,3,117000
388,2010000519684,2100,19,2,2,68000
389,2010000521819,2100,16,4,3,1e+05
390,2010000523884,2100,28,2,2,455000
391,2010000524147,2100,12,2,0,31000
392,2010000527571,2100,54,2,0,8250
393,2010000528141,2100,18,2,1,44700
394,2010000528185,2100,5,2,3,53700
395,2010000529688,2100,5,1,2,81010
396,2010000531173,2100,17,3,1,140200
397,2010000531914,2100,0,1,0,0
398,2010000531918,2100,18,1,1,22500
399,2010000534314,2100,16,3,2,52980
400,2010000535347,2100,4,1,2,73900
401,2010000539889,2100,36,3,3,0
402,2010000541241,2100,16,2,1,192000
403,2010000541859,2100,4,1,2,89350
404,2010000541906,2100,18,2,2,136000
405,2010000541921,2100,13,0,0,0
406,2010000542616,2100,15,3,3,49100
407,2010000543741,2100,0,1,0,0
408,2010000544774,2100,17,4,3,68000
409,2010000545231,2100,16,3,1,76000
410,2010000550864,2100,19,2,2,57400
411,2010000552810,2100,0,1,0,0
412,2010000556031,2100,18,3,5,10100
413,2010000559511,2100,30,2,0,10960
414,2010000560028,2100,21,1,1,15000
415,2010000560113,2100,25,2,2,32600
416,2010000561136,2100,4,2,2,151050
417,2010000563735,2100,9,0,0,0
418,2010000566090,2100,8,4,2,84000
419,2010000566693,2100,15,2,1,33080
420,2010000567073,2100,34,1,1,29300
421,2010000570021,2100,4,2,2,55000
422,2010000570173,2100,22,2,2,610000
423,2010000572339,2100,4,1,1,24000
424,2010000572827,2100,28,1,1,10000
425,2010000577336,2100,10,3,2,92000
426,2010000579997,2100,0,1,0,0
427,2010000580532,2100,12,1,1,120000
428,2010000581826,2100,12,1,0,29400
429,2010000582362,2100,13,1,1,195000
430,2010000582711,2100,0,1,0,0
431,2010000583916,2100,15,1,1,12530
432,2010000585735,2100,29,2,1,10000
433,2010000586937,2100,32,2,1,25000
434,2010000587606,2100,19,1,1,90000
435,2010000588640,2100,25,2,2,600
436,2010000589841,2100,7,4,3,120000
437,2010000590942,2100,17,1,0,18000
438,2010000592707,2100,21,2,2,96630
439,2010000593353,2100,0,1,0,0
440,2010000595627,2100,13,3,3,67600
441,2010000596891,2100,17,1,1,30600
442,2010000597361,2100,19,3,2,97000
443,2010000597377,2100,22,3,2,190000
444,2010000597607,2100,0,1,0,0
445,2010000598021,2100,17,1,1,19600
446,2010000599322,2100,4,1,1,33000
447,2010000600133,2100,19,2,0,8100
448,2010000602332,2100,10,2,2,75150
449,2010000602613,2100,17,1,1,33600
450,2010000606193,2100,19,1,2,55570
451,2010000608029,2100,7,1,1,15500
452,2010000609755,2100,19,2,2,97820
453,2010000610653,2100,15,2,2,83000
454,2010000611803,2100,0,1,0,0
455,2010000613142,2100,13,2,2,57900
456,2010000613510,2100,22,4,3,90000
457,2010000616040,2100,13,2,2,34800
458,2010000617112,2100,0,1,0,0
459,2010000617121,2100,20,2,2,54660
460,2010000617371,2100,21,1,0,27400
461,2010000618072,2100,14,3,1,4000
462,2010000619609,2100,32,1,1,35000
463,2010000619985,2100,5,2,4,150040
464,2010000620099,2100,10,4,2,116900
465,2010000625440,2100,3,1,1,13200
466,2010000627001,2100,20,2,1,18000
467,2010000628381,2100,0,1,0,0
468,2010000630749,2100,21,2,2,56500
469,2010000633785,2100,0,1,0,0
470,2010000637819,2100,20,2,2,162500
471,2010000639450,2100,20,3,2,57630
472,2010000641016,2100,17,2,1,33010
473,2010000641292,2100,20,1,0,8900
474,2010000641388,2100,73,5,0,3300
475,2010000641671,2100,0,1,0,0
476,2010000642331,2100,0,1,0,0
477,2010000642350,2100,15,1,1,50000
478,2010000646840,2100,4,4,2,60000
479,2010000648900,2100,22,3,1,96000
480,2010000649712,2100,13,2,2,144900
481,2010000649796,2100,21,1,0,924
482,2010000649889,2100,0,1,0,0
483,2010000650148,2100,0,1,0,0
484,2010000650574,2100,20,2,2,196000
485,2010000650869,2100,5,2,1,32000
486,2010000653472,2100,14,2,2,96500
487,2010000654116,2100,57,1,2,44000
488,2010000654536,2100,16,2,3,38200
489,2010000656656,2100,16,2,2,40000
490,2010000657162,2100,4,0,0,0
491,2010000658313,2100,0,1,0,0
492,2010000661708,2100,0,1,0,0
493,2010000664857,2100,22,2,2,117000
494,2010000667444,2100,17,2,2,7000
495,2010000667500,2100,64,5,3,108000
496,2010000667892,2100,22,1,1,6200
497,2010000671222,2100,9,1,1,167100
498,2010000672708,2100,15,1,1,20400
499,2010000673385,2100,15,2,2,144700
500,2010000673606,2100,19,2,3,104700
501,2010000678537,2100,12,3,1,10000
502,2010000679063,2100,4,3,3,134000
503,2010000680115,2100,17,1,1,46890
504,2010000680328,2100,22,4,2,6500
505,2010000681931,2100,20,2,1,50000
506,2010000682195,2100,17,2,2,119000
507,2010000683887,2100,12,2,1,52990
508,2010000684770,2100,5,2,2,124000
509,2010000687879,2100,0,1,0,0
510,2010000688218,2100,0,1,0,0
511,2010000690398,2100,24,4,2,185000
512,2010000691902,2100,16,2,2,96400
513,2010000692018,2100,4,2,2,106400
514,2010000692023,2100,5,4,3,64200
515,2010000694405,2100,21,2,1,32400
516,2010000695270,2100,8,2,2,28400
517,2010000695787,2100,4,4,2,145000
518,2010000696093,2100,16,5,2,132000
519,2010000697180,2100,6,4,2,83600
520,2010000697227,2100,19,2,1,46600
521,2010000698184,2100,4,2,2,65000
522,2010000702190,2100,0,1,0,0
523,2010000702452,2100,0,1,0,0
524,2010000703989,2100,23,1,1,70000
525,2010000704969,2100,0,1,0,0
526,2010000709877,2100,10,5,3,50000
527,2010000710646,2100,16,2,0,7800
528,2010000710722,2100,27,2,1,17700
529,2010000710771,2100,14,1,1,50200
530,2010000711485,2100,27,2,1,44700
531,2010000712406,2100,15,1,1,150
532,2010000712927,2100,5,4,2,70000
533,2010000715104,2100,20,1,3,89200
534,2010000715163,2100,22,2,2,62300
535,2010000718178,2100,16,2,2,113000
536,2010000718706,2100,3,3,2,41400
537,2010000719178,2100,14,1,1,11220
538,2010000721344,2100,0,1,0,0
539,2010000722431,2100,0,1,0,0
540,2010000722580,2100,59,0,0,0
541,2010000722971,2100,20,4,2,103540
542,2010000723207,2100,18,3,3,210000
543,2010000724603,2100,0,1,0,0
544,2010000725794,2100,25,0,0,0
545,2010000725871,2100,32,3,2,150200
546,2010000726614,2100,16,2,2,191750
547,2010000727599,2100,4,1,1,14740
548,2010000728478,2100,13,1,1,25000
549,2010000730155,2100,15,3,1,23500
550,2010000730199,2100,9,3,1,41000
551,2010000730576,2100,0,1,0,0
552,2010000730736,2100,9,2,2,94000
553,2010000739688,2100,8,2,2,38700
554,2010000742781,2100,17,2,2,61200
555,2010000745530,2100,77,2,1,12500
556,2010000745896,2100,0,1,0,0
557,2010000747548,2100,8,2,2,40000
558,2010000747952,2100,35,0,0,0
559,2010000748286,2100,16,2,2,112000
560,2010000749463,2100,14,2,3,62200
561,2010000749707,2100,27,3,2,66000
562,2010000749943,2100,23,2,1,12900
563,2010000751695,2100,4,4,3,79508
564,2010000752233,2100,0,1,0,0
565,2010000753648,2100,20,6,4,44100
566,2010000753787,2100,0,1,0,0
567,2010000755154,2100,29,1,1,10000
568,2010000755292,2100,5,2,3,126400
569,2010000755651,2100,8,2,1,110060
570,2010000757473,2100,25,0,0,0
571,2010000757948,2100,15,1,1,8010
572,2010000760060,2100,5,1,2,45000
573,2010000760220,2100,15,2,2,78700
574,2010000760883,2100,0,1,0,0
575,2010000761488,2100,30,4,1,36600
576,2010000763856,2100,0,1,0,0
577,2010000763969,2100,19,1,1,59200
578,2010000764228,2100,21,4,1,26000
579,2010000765911,2100,20,1,2,22000
580,2010000766841,2100,0,1,0,0
581,2010000767176,2100,0,1,0,0
582,2010000767441,2100,16,5,2,12000
583,2010000767843,2100,31,2,2,52000
584,2010000767927,2100,0,1,0,0
585,2010000770095,2100,18,1,1,43600
586,2010000771620,2100,4,3,3,72540
587,2010000771958,2100,16,4,2,51000
588,2010000772079,2100,11,2,2,390000
589,2010000774776,2100,19,1,0,0
590,2010000776751,2100,18,2,2,60200
591,2010000778671,2100,15,1,1,49600
592,2010000781400,2100,15,2,2,86000
593,2010000782002,2100,19,4,1,45000
594,2010000783011,2100,0,1,0,0
595,2010000785416,2100,4,2,2,31100
596,2010000785939,2100,18,1,1,45000
597,2010000786395,2100,6,2,0,7500
598,2010000787028,2100,19,1,0,6730
599,2010000788392,2100,17,10,5,89100
600,2010000789833,2100,0,1,0,0
601,2010000791915,2100,0,1,0,0
602,2010000792522,2100,16,4,4,332800
603,2010000795636,2100,4,2,2,22900
604,2010000796609,2100,13,3,1,11600
605,2010000800498,2100,4,2,2,66000
606,2010000800947,2100,17,1,1,89000
607,2010000801332,2100,5,5,3,95000
608,2010000802264,2100,13,1,1,23010
609,2010000802847,2100,18,3,2,27200
610,2010000804183,2100,21,5,2,378500
611,2010000809212,2100,14,3,2,54000
612,2010000809496,2100,0,1,0,0
613,2010000809749,2100,21,2,2,47500
614,2010000811434,2100,6,3,4,120000
615,2010000815880,2100,0,1,0,0
616,2010000816582,2100,20,2,1,82300
617,2010000818389,2100,19,1,1,35000
618,2010000819322,2100,17,1,1,4000
619,2010000820590,2100,0,1,0,0
620,2010000822220,2100,0,1,0,0
621,2010000825365,2100,4,2,2,48000
622,2010000825759,2100,0,1,0,0
623,2010000826281,2100,19,1,1,263000
624,2010000826846,2100,13,1,0,13900
625,2010000826975,2100,3,3,2,65000
626,2010000828140,2100,0,1,0,0
627,2010000828499,2100,68,1,1,50000
628,2010000828864,2100,0,1,0,0
629,2010000831188,2100,16,1,1,16800
630,2010000834806,2100,18,1,1,19600
631,2010000836812,2100,20,1,2,13000
632,2010000837543,2100,14,2,2,141100
633,2010000839483,2100,0,1,0,0
634,2010000842061,2100,56,0,0,0
635,2010000843499,2100,5,3,2,68010
636,2010000846389,2100,5,2,1,16000
637,2010000847347,2100,6,3,2,129530
638,2010000847875,2100,22,3,3,117000
639,2010000848838,2100,20,0,0,0
640,2010000851159,2100,32,5,2,35000
641,2010000853111,2100,20,2,2,26400
642,2010000855669,2100,52,1,1,48000
643,2010000857317,2100,13,5,2,65000
644,2010000858866,2100,4,2,2,82600
645,2010000859745,2100,56,1,1,23000
646,2010000860256,2100,0,1,0,0
647,2010000862280,2100,10,1,0,0
648,2010000862578,2100,22,3,1,17000
649,2010000863177,2100,0,1,0,0
650,2010000867714,2100,24,3,2,43000
651,2010000869972,2100,25,4,2,73400
652,2010000870000,2100,0,1,0,0
653,2010000870141,2100,4,2,2,87450
654,2010000870156,2100,19,2,1,59500
655,2010000871165,2100,0,1,0,0
656,2010000871808,2100,4,3,1,11460
657,2010000875513,2100,5,5,3,49700
658,2010000877314,2100,5,4,2,93000
659,2010000879741,2100,20,2,2,44000
660,2010000879916,2100,18,2,2,15000
661,2010000881284,2100,5,6,2,65000
662,2010000881642,2100,14,1,1,30000
663,2010000885021,2100,8,0,0,0
664,2010000888118,2100,16,1,1,23000
665,2010000889432,2100,18,2,1,88000
666,2010000890343,2100,57,2,1,27200
667,2010000890353,2100,8,1,1,25000
668,2010000890805,2100,2,1,1,31000
669,2010000893111,2100,19,3,1,32000
670,2010000898687,2100,15,2,2,161000
671,2010000903113,2100,39,0,0,0
672,2010000905658,2100,16,1,1,34000
673,2010000907234,2100,0,1,0,0
674,2010000907462,2100,19,2,4,83000
675,2010000907642,2100,9,4,3,76112
676,2010000911536,2100,13,1,2,11100
677,2010000912355,2100,62,0,0,0
678,2010000913938,2100,0,1,0,0
679,2010000914353,2100,15,4,3,182000
680,2010000914872,2100,15,2,2,121900
681,2010000915723,2100,4,2,2,23000
682,2010000917323,2100,0,1,0,0
683,2010000919931,2100,51,2,2,14400
684,2010000921015,2100,9,7,5,135200
685,2010000924342,2100,5,3,2,23000
686,2010000924586,2100,21,1,1,19000
687,2010000924724,2100,14,1,1,32000
688,2010000926248,2100,12,2,2,89604
689,2010000929206,2100,8,2,1,10000
690,2010000930370,2100,0,1,0,0
691,2010000931848,2100,24,1,1,10000
692,2010000933087,2100,19,0,0,0
693,2010000933111,2100,49,2,2,2200
694,2010000933949,2100,16,1,1,41020
695,2010000934802,2100,41,1,2,42000
696,2010000937393,2100,8,2,1,15000
697,2010000938667,2100,6,2,3,60000
698,2010000940348,2100,7,1,1,16700
699,2010000940404,2100,39,7,3,86000
700,2010000941202,2100,26,1,1,10100
701,2010000941964,2100,5,1,2,10600
702,2010000945714,2100,20,3,2,150520
703,2010000947358,2100,18,1,1,300
704,2010000947923,2100,23,3,2,84500
705,2010000947953,2100,18,2,1,35070
706,2010000948365,2100,13,2,2,26100
707,2010000949895,2100,0,1,0,0
708,2010000950531,2100,4,2,1,97700
709,2010000950567,2100,61,0,0,0
710,2010000951281,2100,52,4,2,65000
711,2010000951377,2100,17,3,1,86500
712,2010000954799,2100,37,1,0,16500
713,2010000954985,2100,21,2,2,34600
714,2010000955822,2100,4,1,1,21000
715,2010000956410,2100,3,2,1,13000
716,2010000961603,2100,19,0,0,0
717,2010000961747,2100,25,1,0,2400
718,2010000963232,2100,18,1,0,2600
719,2010000963808,2100,33,2,1,22610
720,2010000963926,2100,15,2,1,63900
721,2010000965625,2100,12,1,1,21000
722,2010000967356,2100,52,2,2,30300
723,2010000967751,2100,23,3,2,126600
724,2010000968317,2100,17,1,1,33800
725,2010000972488,2100,58,1,1,4300
726,2010000975606,2100,0,1,0,0
727,2010000977246,2100,3,1,1,85100
728,2010000978245,2100,44,4,2,105000
729,2010000979552,2100,14,1,1,20960
730,2010000980815,2100,63,0,0,0
731,2010000981082,2100,4,3,2,60300
732,2010000981309,2100,6,3,3,137800
733,2010000981588,2100,16,2,1,52500
734,2010000983393,2100,5,4,2,31600
735,2010000984534,2100,0,1,0,0
736,2010000984963,2100,5,3,3,114000
737,2010000987338,2100,15,1,0,200
738,2010000988100,2100,5,1,1,30000
739,2010000988661,2100,38,1,1,0
740,2010000989795,2100,4,1,2,186000
741,2010000990445,2100,14,4,1,116700
742,2010000991120,2100,0,1,0,0
743,2010000991242,2100,23,2,2,95000
744,2010000992486,2100,82,2,2,95000
745,2010000992525,2100,20,3,1,33600
746,2010000993131,2100,44,0,0,0
747,2010000995896,2100,0,1,0,0
748,2010000998981,2100,0,1,0,0
749,2010000999998,2100,14,2,1,15000
750,2010001001514,2100,23,2,2,32000
751,2010001002612,2100,53,2,2,25000
752,2010001005756,2100,55,3,2,4000
753,2010001005986,2100,13,2,1,22400
754,2010001006267,2100,13,1,1,31100
755,2010001009120,2100,20,3,3,306000
756,2010001009163,2100,11,3,2,40000
757,2010001010785,2100,55,0,0,0
758,2010001011197,2100,9,0,0,0
759,2010001012432,2100,3,2,2,19000
760,2010001012851,2100,20,2,1,50150
761,2010001013748,2100,59,1,1,13000
762,2010001013886,2100,0,1,0,0
763,2010001018350,2100,0,1,0,0
764,2010001018642,2100,0,1,0,0
765,2010001019374,2100,0,1,0,0
766,2010001019499,2100,4,4,2,65500
767,2010001020282,2100,19,2,0,24000
768,2010001022078,2100,16,2,1,57030
769,2010001022212,2100,18,1,2,52000
770,2010001026344,2100,25,2,1,22100
771,2010001026509,2100,0,1,0,0
772,2010001033400,2100,14,2,1,0
773,2010001035422,2100,4,5,4,46600
774,2010001036937,2100,0,1,0,0
775,2010001037635,2100,4,4,2,133200
776,2010001039565,2100,20,1,1,33200
777,2010001041713,2100,14,3,3,119000
778,2010001042131,2100,62,1,1,30400
779,2010001042939,2100,59,0,0,0
780,2010001043611,2100,17,3,3,55900
781,2010001046828,2100,18,2,2,23500
782,2010001047037,2100,20,3,3,220000
783,2010001047136,2100,0,1,0,0
784,2010001047784,2100,15,2,2,110500
785,2010001047816,2100,62,1,1,22000
786,2010001048210,2100,21,2,2,359790
787,2010001049630,2100,0,1,0,0
788,2010001049947,2100,16,2,1,37000
789,2010001050716,2100,5,2,2,70000
790,2010001051118,2100,5,1,1,12600
791,2010001052649,2100,5,5,3,115750
792,2010001054779,2100,31,2,0,1700
793,2010001057710,2100,18,1,1,85000
794,2010001057899,2100,15,3,2,30000
795,2010001058550,2100,29,1,1,60000
796,2010001062921,2100,45,4,2,64000
797,2010001064188,2100,0,1,0,0
798,2010001068211,2100,15,2,2,89200
799,2010001069187,2100,26,2,1,66000
800,2010001069743,2100,3,2,2,19000
801,2010001071591,2100,5,1,1,36700
802,2010001073019,2100,19,2,2,76020
803,2010001074207,2100,0,1,0,0
804,2010001074589,2100,52,5,0,71400
805,2010001076965,2100,18,1,0,40440
806,2010001078974,2100,80,5,1,26800
807,2010001082874,2100,4,2,2,101000
808,2010001083063,2100,0,1,0,0
809,2010001084829,2100,17,1,0,29100
810,2010001087192,2100,13,3,2,156000
811,2010001087259,2100,19,2,2,31200
812,2010001087787,2100,48,0,0,0
813,2010001088371,2100,17,1,1,13200
814,2010001090197,2100,24,2,2,50000
815,2010001091984,2100,10,1,1,53000
816,2010001092055,2100,0,1,0,0
817,2010001093544,2100,18,2,1,21900
818,2010001097183,2100,18,0,0,0
819,2010001097690,2100,0,1,0,0
820,2010001098043,2100,51,1,1,49500
821,2010001098390,2100,41,0,0,0
822,2010001099958,2100,16,2,2,198000
823,2010001100856,2100,17,3,1,112800
824,2010001102138,2100,19,2,2,189000
825,2010001102890,2100,0,1,0,0
826,2010001103196,2100,17,1,1,51000
827,2010001104133,2100,18,2,2,45700
828,2010001106070,2100,0,1,0,0
829,2010001106279,2100,57,1,1,0
830,2010001107417,2100,7,4,2,172600
831,2010001107572,2100,21,5,0,17470
832,2010001109676,2100,20,2,2,109910
833,2010001110318,2100,20,1,1,60600
834,2010001110385,2100,4,2,2,90000
835,2010001110438,2100,15,1,1,48600
836,2010001110642,2100,18,3,2,156500
837,2010001110654,2100,14,4,4,133380
838,2010001111078,2100,22,4,4,46200
839,2010001111644,2100,0,1,0,0
840,2010001112190,2100,14,4,3,47800
841,2010001114106,2100,38,3,2,54600
842,2010001117244,2100,20,2,2,19200
843,2010001118019,2100,17,3,1,19000
844,2010001118991,2100,12,0,0,0
845,2010001119217,2100,5,2,2,58410
846,2010001119712,2100,30,1,1,13000
847,2010001123338,2100,17,4,3,132580
848,2010001123672,2100,17,1,1,18800
849,2010001125043,2100,19,3,0,32800
850,2010001125224,2100,11,2,1,18000
851,2010001128668,2100,0,1,0,0
852,2010001129217,2100,15,2,2,105000
853,2010001129478,2100,23,2,2,116780
854,2010001131084,2100,15,3,1,15000
855,2010001131535,2100,20,3,3,191500
856,2010001134611,2100,60,0,0,0
857,2010001135936,2100,4,2,2,81500
858,2010001138347,2100,5,3,3,156000
859,2010001139300,2100,44,0,0,0
860,2010001139538,2100,18,3,2,4800
861,2010001141665,2100,18,1,1,24000
862,2010001142884,2100,15,2,3,366000
863,2010001143047,2100,61,2,2,32400
864,2010001143480,2100,13,2,2,98000
865,2010001143862,2100,18,4,1,24300
866,2010001145599,2100,18,3,2,41000
867,2010001146450,2100,33,4,0,40000
868,2010001151802,2100,13,2,2,1e+05
869,2010001152550,2100,21,4,3,86200
870,2010001154229,2100,48,0,0,0
871,2010001156207,2100,19,5,2,88000
872,2010001159902,2100,2,2,3,80000
873,2010001168985,2100,18,1,1,20900
874,2010001170064,2100,0,1,0,0
875,2010001170092,2100,4,1,1,40800
876,2010001171006,2100,17,1,1,25700
877,2010001171353,2100,0,1,0,0
878,2010001173690,2100,0,1,0,0
879,2010001175179,2100,19,1,2,88500
880,2010001175247,2100,39,3,1,20000
881,2010001176163,2100,11,1,0,9020
882,2010001178248,2100,10,4,0,38120
883,2010001179579,2100,22,2,2,35000
884,2010001179795,2100,14,4,2,224000
885,2010001184428,2100,4,2,2,60300
886,2010001189899,2100,18,1,1,256150
887,2010001191658,2100,14,3,2,29290
888,2010001193677,2100,25,2,2,127000
889,2010001195218,2100,32,1,1,28000
890,2010001195888,2100,0,1,0,0
891,2010001197177,2100,13,1,5,35000
892,2010001199221,2100,20,4,1,48000
893,2010001202900,2100,21,3,2,18200
894,2010001203511,2100,44,0,0,0
895,2010001204593,2100,15,4,3,175000
896,2010001205379,2100,20,2,2,42900
897,2010001206466,2100,5,6,4,86780
898,2010001207480,2100,4,2,3,384000
899,2010001208571,2100,19,1,1,50200
900,2010001209569,2100,71,2,2,92000
901,2010001209988,2100,11,4,2,87810
902,2010001216968,2100,4,2,3,95620
903,2010001219640,2100,50,1,1,3500
904,2010001219756,2100,53,1,2,49400
905,2010001219861,2100,24,4,1,74800
906,2010001220024,2100,17,1,1,28000
907,2010001220422,2100,15,2,1,198350
908,2010001220893,2100,21,4,1,44300
909,2010001222503,2100,14,3,2,75020
910,2010001225172,2100,26,3,1,78600
911,2010001225305,2100,39,2,2,14000
912,2010001226004,2100,0,1,0,0
913,2010001226701,2100,13,1,1,13000
914,2010001230931,2100,27,2,2,44000
915,2010001231935,2100,11,3,0,90000
916,2010001232451,2100,18,2,2,41800
917,2010001234711,2100,19,0,0,0
918,2010001236693,2100,19,2,2,67900
919,2010001237681,2100,5,3,1,12000
920,2010001238165,2100,20,4,4,37750
921,2010001238794,2100,0,1,0,0
922,2010001238915,2100,0,1,0,0
923,2010001240587,2100,17,2,2,225500
924,2010001241485,2100,64,2,2,69900
925,2010001241886,2100,14,3,2,39400
926,2010001243295,2100,11,1,0,23500
927,2010001244759,2100,19,1,1,55270
928,2010001245105,2100,5,4,2,43000
929,2010001248284,2100,14,1,1,0
930,2010001248329,2100,11,4,2,93000
931,2010001248816,2100,4,2,1,36500
932,2010001258065,2100,2,2,4,150000
933,2010001259079,2100,19,2,2,92800
934,2010001263287,2100,0,1,0,0
935,2010001263651,2100,13,1,1,20000
936,2010001269270,2100,28,2,2,60000
937,2010001269921,2100,17,2,2,58500
938,2010001270072,2100,20,1,0,11300
939,2010001272470,2100,16,2,0,1060
940,2010001275969,2100,9,1,1,22000
941,2010001276481,2100,32,4,2,69000
942,2010001277736,2100,8,2,1,97100
943,2010001279218,2100,4,2,2,42100
944,2010001281388,2100,21,2,1,48100
945,2010001283646,2100,12,3,1,69000
946,2010001284742,2100,13,4,1,1000
947,2010001286142,2100,19,1,1,41800
948,2010001287772,2100,14,3,2,10600
949,2010001288241,2100,17,7,2,115860
950,2010001290838,2100,20,3,2,80000
951,2010001292660,2100,24,7,4,151600
952,2010001295744,2100,15,2,3,75710
953,2010001295904,2100,17,1,2,18800
954,2010001296365,2100,20,2,2,71000
955,2010001299793,2100,16,4,0,1000
956,2010001300359,2100,22,1,1,85000
957,2010001300558,2100,72,4,2,67800
958,2010001303415,2100,14,1,1,20100
959,2010001305486,2100,4,4,5,86000
960,2010001307077,2100,17,2,2,136000
961,2010001308945,2100,5,0,0,0
962,2010001311096,2100,48,2,0,55600
963,2010001311354,2100,5,1,1,48500
964,2010001312517,2100,16,3,3,201000
965,2010001313727,2100,0,1,0,0
966,2010001315484,2100,18,3,5,341201
967,2010001317115,2100,0,1,0,0
968,2010001319457,2100,3,1,1,13200
969,2010001319719,2100,4,3,3,99300
970,2010001325810,2100,21,1,1,89130
971,2010001326636,2100,20,2,1,45000
972,2010001327008,2100,5,2,2,67210
973,2010001327072,2100,24,2,2,5000
974,2010001327165,2100,0,1,0,0
975,2010001327528,2100,18,2,2,68530
976,2010001328932,2100,0,1,0,0
977,2010001329609,2100,17,1,1,53000
978,2010001329667,2100,22,1,1,20000
979,2010001329830,2100,20,2,1,72080
980,2010001330120,2100,18,2,2,45000
981,2010001331314,2100,19,2,1,46800
982,2010001332995,2100,6,2,2,80000
983,2010001333828,2100,14,2,0,155000
984,2010001334807,2100,19,3,2,103000
985,2010001336716,2100,5,2,2,21500
986,2010001338868,2100,0,1,0,0
987,2010001340279,2100,2,6,1,12240
988,2010001341345,2100,5,1,1,43000
989,2010001342919,2100,4,2,4,382000
990,2010001343023,2100,13,2,2,50800
991,2010001344946,2100,12,1,1,17300
992,2010001345497,2100,13,1,1,13200
993,2010001347158,2100,6,1,0,20000
994,2010001348629,2100,14,2,2,11900
995,2010001349428,2100,0,1,0,0
996,2010001349988,2100,15,3,1,2400
997,2010001350187,2100,18,2,1,42300
998,2010001351497,2100,18,3,2,7300
999,2010001351835,2100,15,0,0,0
1000,2010001352019,2100,0,1,0,0
1001,2010001355675,2100,5,4,1,48400
1002,2010001355925,2100,14,2,2,52800
1003,2010001357004,2100,3,1,1,13500
1004,2010001357325,2100,20,5,4,72800
1005,2010001358278,2100,30,1,0,0
1006,2010001358409,2100,13,2,2,68100
1007,2010001358684,2100,18,2,1,2100
1008,2010001359358,2100,4,1,1,37400
1009,2010001359364,2100,21,4,2,34000
1010,2010001362845,2100,4,3,1,53200
1011,2010001363001,2100,32,1,1,8400
1012,2010001364192,2100,3,1,1,35000
1013,2010001364245,2100,14,5,2,215100
1014,2010001364908,2100,49,1,1,2000
1015,2010001365048,2100,18,5,4,84200
1016,2010001370754,2100,13,1,2,50000
1017,2010001375308,2100,21,3,3,68000
1018,2010001376280,2100,0,1,0,0
1019,2010001378342,2100,4,5,4,56000
1020,2010001378432,2100,18,2,1,123000
1021,2010001378572,2100,14,5,2,160780
1022,2010001382831,2100,3,3,3,21000
1023,2010001382841,2100,22,2,2,20900
1024,2010001386342,2100,48,0,0,0
1025,2010001388083,2100,4,2,1,29400
1026,2010001389248,2100,23,2,2,275000
1027,2010001395178,2100,0,1,0,0
1028,2010001396290,2100,44,1,1,81000
1029,2010001396772,2100,24,2,2,18300
1030,2010001397347,2100,49,1,1,100
1031,2010001400591,2100,14,1,1,200
1032,2010001400687,2100,0,1,0,0
1033,2010001400871,2100,22,2,3,38000
1034,2010001400920,2100,15,2,2,59300
1035,2010001402507,2100,4,0,0,0
1036,2010001405553,2100,17,1,4,96300
1037,2010001409895,2100,3,2,1,20600
1038,2010001411435,2100,0,1,0,0
1039,2010001411720,2100,0,1,0,0
1040,2010001412890,2100,8,4,0,550
1041,2010001412974,2100,0,1,0,0
1042,2010001413366,2100,4,2,1,93900
1043,2010001413369,2100,66,0,0,0
1044,2010001413972,2100,15,2,2,183300
1045,2011000000602,2100,4,2,3,180000
1046,2011000001742,2100,0,1,0,0
1047,2011000003093,2100,18,4,1,1e+05
1048,2011000004688,2100,22,1,1,21300
1049,2011000005560,2100,19,4,2,38300
1050,2011000005614,2100,4,1,2,42100
1051,2011000006833,2100,6,2,2,125100
1052,2011000007132,2100,20,1,1,25000
1053,2011000008238,2100,2,2,2,37000
1054,2011000008273,2100,24,6,1,1800
1055,2011000008462,2100,5,1,1,10000
1056,2011000010923,2100,4,3,3,32000
1057,2011000011408,2100,11,3,1,13800
1058,2011000014238,2100,20,1,1,19000
1059,2011000016858,2100,27,4,0,7000
1060,2011000017155,2100,70,0,0,0
1061,2011000018598,2100,16,1,0,7490
1062,2011000018749,2100,33,2,2,94800
1063,2011000019061,2100,35,1,1,0
1064,2011000026513,2100,54,2,1,30000
1065,2011000027837,2100,13,2,0,40000
1066,2011000028406,2100,22,3,1,32300
1067,2011000029859,2100,28,2,2,64890
1068,2011000030266,2100,15,3,1,27500
1069,2011000030857,2100,7,1,1,23200
1070,2011000033764,2100,3,2,2,52000
1071,2011000039043,2100,4,5,2,144000
1072,2011000042949,2100,0,1,0,0
1073,2011000044052,2100,0,1,0,0
1074,2011000044893,2100,0,1,0,0
1075,2011000045334,2100,12,2,3,102500
1076,2011000046989,2100,19,3,2,20000
1077,2011000049896,2100,0,1,0,0
1078,2011000050450,2100,13,2,3,50480
1079,2011000051057,2100,24,3,2,98000
1080,2011000051402,2100,52,1,1,0
1081,2011000052976,2100,0,1,0,0
1082,2011000055522,2100,4,3,3,110200
1083,2011000056628,2100,21,0,0,0
1084,2011000057583,2100,18,1,0,32000
1085,2011000059646,2100,28,2,1,48000
1086,2011000062951,2100,0,1,0,0
1087,2011000065489,2100,5,5,2,39000
1088,2011000066752,2100,7,0,0,0
1089,2011000068141,2100,0,1,0,0
1090,2011000068471,2100,13,4,2,205100
1091,2011000070620,2100,13,3,1,75500
1092,2011000071569,2100,0,1,0,0
1093,2011000071974,2100,0,1,0,0
1094,2011000072351,2100,26,2,2,60000
1095,2011000072599,2100,97,2,3,78000
1096,2011000073691,2100,7,2,2,94200
1097,2011000077754,2100,27,3,1,48000
1098,2011000079997,2100,18,1,1,106000
1099,2011000080675,2100,0,1,0,0
1100,2011000082496,2100,18,2,1,24000
1101,2011000084748,2100,5,2,2,85880
1102,2011000085061,2100,29,4,3,85710
1103,2011000085386,2100,25,2,1,50000
1104,2011000085996,2100,0,1,0,0
1105,2011000088478,2100,6,4,3,78000
1106,2011000088586,2100,19,2,2,150000
1107,2011000089359,2100,9,3,3,509000
1108,2011000089769,2100,4,1,1,75000
1109,2011000092131,2100,12,2,1,7100
1110,2011000093204,2100,39,1,1,24000
1111,2011000093411,2100,0,1,0,0
1112,2011000094463,2100,22,2,2,145300
1113,2011000094748,2100,0,1,0,0
1114,2011000096949,2100,21,2,2,82200
1115,2011000100835,2100,18,1,1,29000
1116,2011000101153,2100,5,2,2,122400
1117,2011000101233,2100,45,0,0,0
1118,2011000101635,2100,12,1,0,8100
1119,2011000102156,2100,11,2,2,160000
1120,2011000104567,2100,55,1,2,80
1121,2011000105098,2100,30,5,2,25000
1122,2011000106280,2100,21,1,0,35000
1123,2011000106818,2100,0,1,0,0
1124,2011000107552,2100,18,2,2,65000
1125,2011000109395,2100,3,3,1,16400
1126,2011000109803,2100,60,1,1,43000
1127,2011000110194,2100,10,1,1,18700
1128,2011000110745,2100,27,3,2,105600
1129,2011000113571,2100,7,3,1,20000
1130,2011000113806,2100,16,2,1,83500
1131,2011000114531,2100,22,3,2,0
1132,2011000120045,2100,13,1,1,36440
1133,2011000121588,2100,51,1,1,12870
1134,2011000123662,2100,16,0,0,0
1135,2011000124207,2100,0,1,0,0
1136,2011000125240,2100,14,2,2,234800
1137,2011000126361,2100,21,1,1,70000
1138,2011000129244,2100,0,1,0,0
1139,2011000129655,2100,0,1,0,0
1140,2011000130925,2100,17,1,0,6600
1141,2011000131838,2100,0,1,0,0
1142,2011000132344,2100,22,5,2,52800
1143,2011000136656,2100,84,3,0,5200
1144,2011000136941,2100,7,3,2,96000
1145,2011000138058,2100,23,2,2,103100
1146,2011000138303,2100,17,1,1,67800
1147,2011000139699,2100,15,2,2,8100
1148,2011000140235,2100,12,5,4,187700
1149,2011000140963,2100,24,4,1,18200
1150,2011000143091,2100,18,2,0,36600
1151,2011000144362,2100,12,2,1,90200
1152,2011000145097,2100,25,5,2,240500
1153,2011000145715,2100,0,1,0,0
1154,2011000146056,2100,18,4,1,91200
1155,2011000146161,2100,13,1,1,43000
1156,2011000148627,2100,6,1,2,2e+05
1157,2011000149829,2100,21,0,0,0
1158,2011000152533,2100,2,2,1,24500
1159,2011000153211,2100,0,1,0,0
1160,2011000155539,2100,0,1,0,0
1161,2011000156150,2100,0,1,0,0
1162,2011000157265,2100,0,1,0,0
1163,2011000157581,2100,9,2,3,109400
1164,2011000161699,2100,14,1,0,0
1165,2011000165234,2100,7,1,1,0
1166,2011000170738,2100,12,2,2,56000
1167,2011000171814,2100,0,1,0,0
1168,2011000173743,2100,12,5,3,741200
1169,2011000173831,2100,0,1,0,0
1170,2011000175839,2100,12,1,0,21200
1171,2011000176669,2100,23,1,2,60000
1172,2011000178306,2100,5,4,3,97400
1173,2011000179576,2100,4,3,2,58000
1174,2011000179583,2100,0,1,0,0
1175,2011000180798,2100,13,3,3,133500
1176,2011000181300,2100,0,1,0,0
1177,2011000183631,2100,11,4,2,71500
1178,2011000183814,2100,0,1,0,0
1179,2011000185425,2100,10,4,2,47850
1180,2011000189399,2100,19,2,2,135700
1181,2011000190218,2100,15,2,3,32500
1182,2011000190410,2100,9,3,2,36600
1183,2011000191795,2100,60,2,0,4800
1184,2011000192218,2100,12,3,2,50000
1185,2011000192716,2100,3,3,2,81500
1186,2011000194587,2100,10,2,1,22000
1187,2011000195944,2100,24,5,3,76000
1188,2011000196385,2100,16,1,0,88000
1189,2011000198081,2100,6,3,2,75000
1190,2011000198249,2100,23,5,4,83300
1191,2011000198546,2100,94,4,1,25000
1192,2011000198638,2100,24,3,1,25950
1193,2011000199389,2100,0,1,0,0
1194,2011000199910,2100,15,1,1,30000
1195,2011000201951,2100,0,1,0,0
1196,2011000202053,2100,0,1,0,0
1197,2011000202813,2100,0,1,0,0
1198,2011000203304,2100,19,1,2,99300
1199,2011000204073,2100,3,5,0,63300
1200,2011000204305,2100,27,1,1,3000
1201,2011000204690,2100,0,1,0,0
1202,2011000205207,2100,31,3,1,24200
1203,2011000205290,2100,3,3,1,22000
1204,2011000207887,2100,0,1,0,0
1205,2011000208640,2100,24,2,2,73800
1206,2011000208828,2100,0,1,0,0
1207,2011000209512,2100,30,2,2,98000
1208,2011000210553,2100,19,2,1,64010
1209,2011000212902,2100,2,1,1,45000
1210,2011000215450,2100,20,1,1,25400
1211,2011000217408,2100,0,1,0,0
1212,2011000217890,2100,22,2,2,7530
1213,2011000218476,2100,0,1,0,0
1214,2011000220609,2100,64,2,1,65000
1215,2011000222629,2100,65,2,2,29000
1216,2011000226087,2100,12,4,3,123600
1217,2011000227748,2100,4,1,1,47800
1218,2011000227965,2100,0,1,0,0
1219,2011000228199,2100,0,1,0,0
1220,2011000230570,2100,12,4,3,78000
1221,2011000231896,2100,7,2,2,62800
1222,2011000235215,2100,19,1,1,21500
1223,2011000235810,2100,11,5,2,24000
1224,2011000235907,2100,35,0,0,0
1225,2011000241129,2100,16,1,1,48000
1226,2011000241870,2100,23,1,0,2900
1227,2011000243335,2100,25,1,1,54500
1228,2011000243554,2100,4,1,1,13700
1229,2011000244312,2100,0,1,0,0
1230,2011000247004,2100,8,4,2,43800
1231,2011000247591,2100,0,1,0,0
1232,2011000250689,2100,24,2,1,30000
1233,2011000251367,2100,20,1,1,36500
1234,2011000251787,2100,16,2,2,20000
1235,2011000251870,2100,16,2,1,18900
1236,2011000252154,2100,0,1,0,0
1237,2011000253052,2100,23,1,0,8100
1238,2011000254000,2100,13,1,0,3500
1239,2011000256509,2100,20,3,3,231000
1240,2011000256510,2100,3,1,2,14200
1241,2011000258417,2100,19,1,0,43000
1242,2011000260884,2100,12,1,1,73000
1243,2011000262754,2100,14,1,1,59000
1244,2011000263789,2100,14,1,1,119500
1245,2011000264097,2100,0,1,0,0
1246,2011000267332,2100,11,1,0,9600
1247,2011000271989,2100,25,0,0,0
1248,2011000272031,2100,0,1,0,0
1249,2011000272704,2100,34,1,1,20400
1250,2011000273408,2100,5,2,4,63000
1251,2011000274083,2100,30,0,0,0
1252,2011000275009,2100,0,1,0,0
1253,2011000275055,2100,23,2,2,45000
1254,2011000276055,2100,26,1,3,36200
1255,2011000278301,2100,14,2,1,20600
1256,2011000278571,2100,25,5,2,67001
1257,2011000280235,2100,5,3,3,84000
1258,2011000281239,2100,17,3,3,88020
1259,2011000281352,2100,9,2,2,120000
1260,2011000283505,2100,21,3,2,43300
1261,2011000284040,2100,3,2,1,39500
1262,2011000284727,2100,13,4,3,194000
1263,2011000284971,2100,5,2,3,30000
1264,2011000287761,2100,22,4,2,64000
1265,2011000288001,2100,6,5,2,60000
1266,2011000290930,2100,12,2,1,14000
1267,2011000291899,2100,16,3,2,172000
1268,2011000292835,2100,20,3,2,107400
1269,2011000294489,2100,6,2,1,23400
1270,2011000294711,2100,6,2,2,15000
1271,2011000295000,2100,20,1,2,0
1272,2011000295450,2100,25,2,2,86340
1273,2011000296628,2100,24,1,0,25500
1274,2011000298306,2100,3,3,3,172000
1275,2011000298551,2100,22,3,2,96054
1276,2011000299214,2100,22,1,1,40010
1277,2011000300335,2100,13,1,1,22000
1278,2011000300653,2100,19,2,2,13000
1279,2011000306956,2100,14,1,1,48700
1280,2011000307775,2100,24,1,1,171600
1281,2011000309019,2100,20,2,2,164000
1282,2011000310164,2100,4,2,2,35600
1283,2011000312979,2100,18,3,1,26400
1284,2011000315176,2100,56,0,0,0
1285,2011000315272,2100,0,1,0,0
1286,2011000318191,2100,9,5,2,90500
1287,2011000318625,2100,14,2,2,143600
1288,2011000318663,2100,6,2,1,42000
1289,2011000318689,2100,20,1,1,70000
1290,2011000320056,2100,0,1,0,0
1291,2011000321936,2100,17,1,1,9000
1292,2011000322710,2100,3,2,3,49500
1293,2011000324359,2100,4,2,4,36000
1294,2011000325690,2100,0,1,0,0
1295,2011000325882,2100,32,1,1,63000
1296,2011000326404,2100,13,5,2,61000
1297,2011000331718,2100,24,1,0,0
1298,2011000332766,2100,17,1,1,8100
1299,2011000333301,2100,0,1,0,0
1300,2011000334399,2100,0,1,0,0
1301,2011000334746,2100,3,1,3,46000
1302,2011000336685,2100,3,2,2,20400
1303,2011000339435,2100,13,2,4,90000
1304,2011000339820,2100,44,2,1,2000
1305,2011000340088,2100,5,2,2,75280
1306,2011000340238,2100,57,1,1,16000
1307,2011000342806,2100,12,2,2,123300
1308,2011000342953,2100,98,2,2,15000
1309,2011000344420,2100,27,1,0,65400
1310,2011000345262,2100,62,1,1,60000
1311,2011000345406,2100,12,1,1,36000
1312,2011000345583,2100,23,1,1,8300
1313,2011000346726,2100,0,1,0,0
1314,2011000348233,2100,26,1,0,19300
1315,2011000351186,2100,14,1,1,0
1316,2011000352401,2100,0,1,0,0
1317,2011000352930,2100,0,1,0,0
1318,2011000353423,2100,0,1,0,0
1319,2011000354981,2100,13,2,2,114800
1320,2011000355207,2100,17,4,4,131250
1321,2011000356572,2100,60,3,2,33000
1322,2011000356998,2100,0,1,0,0
1323,2011000358427,2100,0,1,0,0
1324,2011000360797,2100,27,4,2,203000
1325,2011000363054,2100,7,4,4,120600
1326,2011000364511,2100,14,1,1,43020
1327,2011000364837,2100,0,1,0,0
1328,2011000365617,2100,27,3,1,48500
1329,2011000365995,2100,22,1,1,2500
1330,2011000367062,2100,13,4,2,75000
1331,2011000368149,2100,5,1,1,23000
1332,2011000370385,2100,0,1,0,0
1333,2011000371059,2100,5,2,1,36300
1334,2011000371818,2100,12,2,2,48700
1335,2011000372297,2100,0,1,0,0
1336,2011000377452,2100,5,2,2,59000
1337,2011000377760,2100,4,3,3,33600
1338,2011000378405,2100,17,0,0,0
1339,2011000381707,2100,83,3,2,28000
1340,2011000382546,2100,0,1,0,0
1341,2011000382725,2100,14,2,2,454000
1342,2011000383486,2100,12,6,3,105400
1343,2011000385708,2100,5,3,2,161000
1344,2011000388072,2100,0,1,0,0
1345,2011000391643,2100,1,2,3,30300
1346,2011000392255,2100,0,1,0,0
1347,2011000392643,2100,28,0,0,0
1348,2011000394685,2100,18,1,0,8400
1349,2011000395381,2100,19,2,2,50000
1350,2011000396267,2100,3,2,1,152400
1351,2011000396786,2100,4,1,1,24400
1352,2011000399613,2100,7,2,2,101900
1353,2011000401039,2100,11,2,2,53600
1354,2011000401083,2100,56,0,0,0
1355,2011000401498,2100,0,1,0,0
1356,2011000402859,2100,0,1,0,0
1357,2011000404651,2100,0,1,0,0
1358,2011000404774,2100,13,2,2,65000
1359,2011000405756,2100,26,1,1,65400
1360,2011000410423,2100,27,1,2,53000
1361,2011000410608,2100,21,1,1,27000
1362,2011000411929,2100,6,2,2,97000
1363,2011000413157,2100,0,1,0,0
1364,2011000413753,2100,0,1,0,0
1365,2011000414052,2100,5,6,4,81680
1366,2011000414315,2100,7,4,3,44000
1367,2011000416545,2100,0,1,0,0
1368,2011000417413,2100,0,1,0,0
1369,2011000418440,2100,18,2,2,64750
1370,2011000419329,2100,0,1,0,0
1371,2011000419843,2100,0,1,0,0
1372,2011000423268,2100,12,1,2,55700
1373,2011000424268,2100,31,1,1,83000
1374,2011000425658,2100,3,3,5,175000
1375,2011000427382,2100,6,1,1,80
1376,2011000427477,2100,22,4,4,43000
1377,2011000429346,2100,42,0,0,0
1378,2011000431883,2100,46,4,0,52200
1379,2011000432856,2100,5,3,2,40000
1380,2011000434699,2100,5,4,4,68200
1381,2011000434794,2100,6,2,3,135000
1382,2011000437374,2100,22,3,2,70000
1383,2011000437518,2100,18,4,2,96000
1384,2011000437557,2100,0,1,0,0
1385,2011000437745,2100,73,0,0,0
1386,2011000443335,2100,6,4,2,52000
1387,2011000443740,2100,26,2,2,39000
1388,2011000445964,2100,22,1,1,0
1389,2011000446157,2100,33,0,0,0
1390,2011000447304,2100,16,3,1,24000
1391,2011000449938,2100,38,1,0,1000
1392,2011000450006,2100,0,1,0,0
1393,2011000453138,2100,3,1,2,25000
1394,2011000453711,2100,2,2,2,75000
1395,2011000455891,2100,0,1,0,0
1396,2011000456131,2100,3,1,1,32000
1397,2011000456800,2100,3,1,1,15400
1398,2011000457744,2100,92,4,1,6800
1399,2011000458887,2100,28,2,1,62000
1400,2011000459112,2100,15,2,2,68000
1401,2011000460006,2100,0,1,0,0
1402,2011000461045,2100,16,1,1,22800
1403,2011000462163,2100,10,2,2,45000
1404,2011000463996,2100,53,0,0,0
1405,2011000466380,2100,28,2,2,91000
1406,2011000466913,2100,26,5,1,6100
1407,2011000467313,2100,28,3,3,63660
1408,2011000467976,2100,18,5,3,135440
1409,2011000468217,2100,14,2,2,62500
1410,2011000468392,2100,17,2,2,12000
1411,2011000470426,2100,82,3,1,0
1412,2011000471393,2100,0,1,0,0
1413,2011000471429,2100,0,1,0,0
1414,2011000471723,2100,22,4,2,70200
1415,2011000472777,2100,14,4,4,15550
1416,2011000474161,2100,0,1,0,0
1417,2011000474406,2100,11,1,1,43000
1418,2011000475032,2100,23,7,1,27000
1419,2011000476641,2100,58,1,0,3000
1420,2011000478107,2100,17,3,4,52500
1421,2011000479727,2100,19,1,1,85000
1422,2011000482102,2100,14,2,2,385600
1423,2011000482366,2100,0,1,0,0
1424,2011000483576,2100,20,2,2,26000
1425,2011000487906,2100,0,1,0,0
1426,2011000488148,2100,64,4,2,53000
1427,2011000488740,2100,4,2,2,67600
1428,2011000489854,2100,48,1,2,50000
1429,2011000492241,2100,79,0,0,0
1430,2011000493705,2100,0,1,0,0
1431,2011000494350,2100,19,1,2,28000
1432,2011000494387,2100,19,1,0,10100
1433,2011000494506,2100,2,3,3,21400
1434,2011000495626,2100,4,2,2,33000
1435,2011000495780,2100,9,2,2,28800
1436,2011000496558,2100,5,3,3,56400
1437,2011000496817,2100,15,4,2,278000
1438,2011000500050,2100,0,1,0,0
1439,2011000501587,2100,34,1,1,145300
1440,2011000503213,2100,0,1,0,0
1441,2011000504746,2100,3,5,1,106400
1442,2011000506382,2100,75,3,2,17200
1443,2011000509195,2100,11,2,2,12000
1444,2011000510831,2100,11,2,3,71000
1445,2011000512188,2100,0,1,0,0
1446,2011000512395,2100,15,1,1,48000
1447,2011000513434,2100,13,1,1,26000
1448,2011000513708,2100,0,1,0,0
1449,2011000514724,2100,19,2,2,88410
1450,2011000516345,2100,10,2,1,27000
1451,2011000518337,2100,8,1,0,9600
1452,2011000519075,2100,79,0,0,0
1453,2011000520375,2100,13,0,0,0
1454,2011000523039,2100,98,0,0,0
1455,2011000523960,2100,94,2,1,18000
1456,2011000525060,2100,0,1,0,0
1457,2011000527063,2100,25,1,1,12900
1458,2011000527209,2100,23,1,0,0
1459,2011000528056,2100,9,2,2,30600
1460,2011000529524,2100,0,1,0,0
1461,2011000529705,2100,8,0,0,0
1462,2011000530426,2100,17,2,2,61300
1463,2011000530462,2100,8,2,4,88900
1464,2011000531452,2100,19,3,2,75000
1465,2011000533221,2100,10,1,1,0
1466,2011000533578,2100,19,2,2,65200
1467,2011000536166,2100,0,1,0,0
1468,2011000536508,2100,0,1,0,0
1469,2011000539596,2100,15,2,3,65000
1470,2011000540856,2100,0,1,0,0
1471,2011000541484,2100,0,1,0,0
1472,2011000541555,2100,26,4,3,33000
1473,2011000543599,2100,0,1,0,0
1474,2011000544832,2100,25,3,2,16300
1475,2011000547019,2100,25,2,1,55600
1476,2011000547807,2100,0,1,0,0
1477,2011000548249,2100,58,0,0,0
1478,2011000549629,2100,0,1,0,0
1479,2011000549995,2100,6,0,0,0
1480,2011000550435,2100,0,1,0,0
1481,2011000550791,2100,29,3,2,87000
1482,2011000553409,2100,14,1,1,36000
1483,2011000554855,2100,4,3,2,31000
1484,2011000554998,2100,3,2,3,28000
1485,2011000555346,2100,21,3,3,161500
1486,2011000555895,2100,26,3,2,48000
1487,2011000558531,2100,17,2,2,114250
1488,2011000560315,2100,14,0,0,0
1489,2011000562575,2100,5,4,3,110400
1490,2011000563408,2100,12,1,2,55000
1491,2011000568385,2100,17,5,4,198000
1492,2011000571156,2100,85,2,1,24800
1493,2011000571353,2100,0,1,0,0
1494,2011000574728,2100,16,5,2,154000
1495,2011000577103,2100,76,2,2,145320
1496,2011000577374,2100,0,1,0,0
1497,2011000579413,2100,31,2,2,24700
1498,2011000579540,2100,0,1,0,0
1499,2011000581116,2100,15,1,0,15200
1500,2011000581738,2100,0,1,0,0
1501,2011000583228,2100,70,4,1,29300
1502,2011000583521,2100,0,1,0,0
1503,2011000584729,2100,4,2,2,70700
1504,2011000584743,2100,9,2,2,34600
1505,2011000585372,2100,13,1,1,5000
1506,2011000587507,2100,21,2,1,43000
1507,2011000588287,2100,18,5,2,2e+05
1508,2011000588373,2100,29,3,3,21940
1509,2011000590285,2100,20,2,2,261400
1510,2011000590577,2100,6,0,0,0
1511,2011000591029,2100,19,2,2,153000
1512,2011000593730,2100,6,2,4,97400
1513,2011000594577,2100,18,2,2,70000
1514,2011000595181,2100,2,2,2,110000
1515,2011000598358,2100,63,2,0,20000
1516,2011000599090,2100,19,1,2,6700
1517,2011000605281,2100,17,2,2,47140
1518,2011000605764,2100,15,2,3,43500
1519,2011000606300,2100,14,3,4,176790
1520,2011000607503,2100,22,3,3,97500
1521,2011000607730,2100,4,3,5,69000
1522,2011000609566,2100,25,3,1,6300
1523,2011000610035,2100,13,2,2,27300
1524,2011000610536,2100,69,4,3,70000
1525,2011000611724,2100,4,2,2,103000
1526,2011000612321,2100,33,2,2,57600
1527,2011000612838,2100,34,1,1,20400
1528,2011000613572,2100,3,2,1,42800
1529,2011000614508,2100,12,1,1,20000
1530,2011000616706,2100,26,6,3,93000
1531,2011000618132,2100,22,2,2,136100
1532,2011000619327,2100,22,2,1,55800
1533,2011000620275,2100,0,1,0,0
1534,2011000620462,2100,12,4,3,402000
1535,2011000621604,2100,16,1,1,12600
1536,2011000622335,2100,3,2,2,27600
1537,2011000625494,2100,0,1,0,0
1538,2011000625517,2100,0,1,0,0
1539,2011000626190,2100,0,1,0,0
1540,2011000627556,2100,0,1,0,0
1541,2011000628044,2100,0,1,0,0
1542,2011000629565,2100,5,6,4,94000
1543,2011000629593,2100,37,1,0,22800
1544,2011000632313,2100,20,3,4,38200
1545,2011000633346,2100,45,2,1,5500
1546,2011000633934,2100,8,1,1,20000
1547,2011000634625,2100,29,2,2,35000
1548,2011000634959,2100,0,1,0,0
1549,2011000635188,2100,0,1,0,0
1550,2011000635369,2100,14,5,2,98730
1551,2011000636436,2100,6,2,3,87300
1552,2011000638243,2100,22,3,1,9000
1553,2011000639317,2100,16,2,1,130000
1554,2011000639342,2100,0,1,0,0
1555,2011000643619,2100,0,1,0,0
1556,2011000644334,2100,13,1,1,88800
1557,2011000644501,2100,0,1,0,0
1558,2011000648042,2100,61,2,0,31100
1559,2011000648197,2100,0,1,0,0
1560,2011000649431,2100,10,1,1,42000
1561,2011000649643,2100,15,2,2,117000
1562,2011000652209,2100,11,4,2,124000
1563,2011000652937,2100,61,1,1,30000
1564,2011000656564,2100,0,1,0,0
1565,2011000657273,2100,19,2,3,95000
1566,2011000658171,2100,4,2,2,58600
1567,2011000658636,2100,6,3,3,27240
1568,2011000660495,2100,10,1,1,1600
1569,2011000661472,2100,25,2,2,35250
1570,2011000661766,2100,0,1,0,0
1571,2011000664735,2100,3,2,2,19600
1572,2011000664817,2100,26,3,3,120000
1573,2011000665586,2100,0,1,0,0
1574,2011000665940,2100,0,1,0,0
1575,2011000667216,2100,14,1,3,850
1576,2011000671631,2100,0,1,0,0
1577,2011000672275,2100,2,2,2,42000
1578,2011000672904,2100,5,1,1,13410
1579,2011000675688,2100,18,1,2,30000
1580,2011000677285,2100,0,1,0,0
1581,2011000679208,2100,13,2,1,17170
1582,2011000679809,2100,2,4,4,11800
1583,2011000681355,2100,0,1,0,0
1584,2011000683266,2100,25,2,1,43200
1585,2011000684406,2100,13,4,0,17000
1586,2011000686602,2100,27,1,1,0
1587,2011000688700,2100,5,2,2,98700
1588,2011000688741,2100,65,3,1,9420
1589,2011000690054,2100,0,1,0,0
1590,2011000690560,2100,35,2,4,58300
1591,2011000691163,2100,63,0,0,0
1592,2011000694485,2100,0,1,0,0
1593,2011000694732,2100,4,2,2,45700
1594,2011000695196,2100,14,2,2,41600
1595,2011000696670,2100,4,2,2,239000
1596,2011000697655,2100,20,2,2,20600
1597,2011000697756,2100,16,2,1,41500
1598,2011000697906,2100,9,3,3,210000
1599,2011000702108,2100,0,1,0,0
1600,2011000703371,2100,19,1,6,31200
1601,2011000705278,2100,19,2,2,104200
1602,2011000705855,2100,6,3,4,107600
1603,2011000705997,2100,71,2,1,37600
1604,2011000706050,2100,21,1,0,137100
1605,2011000706665,2100,18,2,1,6900
1606,2011000706942,2100,4,2,2,28800
1607,2011000707104,2100,26,0,0,0
1608,2011000708389,2100,26,5,2,34500
1609,2011000708533,2100,19,1,1,24800
1610,2011000711134,2100,13,1,1,23600
1611,2011000711499,2100,5,3,3,114000
1612,2011000712692,2100,4,1,1,2e+05
1613,2011000714158,2100,26,4,2,89300
1614,2011000715084,2100,15,3,2,100100
1615,2011000715174,2100,11,1,0,1300
1616,2011000715850,2100,3,4,4,97600
1617,2011000716608,2100,0,1,0,0
1618,2011000720596,2100,0,1,0,0
1619,2011000723449,2100,4,2,2,44000
1620,2011000723765,2100,32,1,1,33500
1621,2011000729576,2100,0,1,0,0
1622,2011000730403,2100,23,4,2,97000
1623,2011000731667,2100,0,1,0,0
1624,2011000732668,2100,0,1,0,0
1625,2011000735377,2100,9,2,0,1000
1626,2011000735777,2100,19,2,1,32000
1627,2011000737853,2100,14,4,2,39100
1628,2011000739137,2100,4,3,2,66000
1629,2011000740159,2100,0,1,0,0
1630,2011000740363,2100,0,1,0,0
1631,2011000743432,2100,0,1,0,0
1632,2011000747491,2100,20,2,2,121500
1633,2011000747726,2100,4,3,2,55000
1634,2011000749139,2100,6,2,2,50000
1635,2011000752934,2100,6,2,2,70000
1636,2011000754728,2100,11,1,1,30000
1637,2011000759741,2100,26,2,2,54000
1638,2011000759870,2100,64,4,2,19000
1639,2011000761512,2100,0,1,0,0
1640,2011000765866,2100,10,2,2,210500
1641,2011000766099,2100,0,1,0,0
1642,2011000767693,2100,29,2,2,30560
1643,2011000768857,2100,30,1,2,20400
1644,2011000769193,2100,0,1,0,0
1645,2011000773130,2100,0,1,0,0
1646,2011000775934,2100,30,4,1,71200
1647,2011000776892,2100,6,2,1,12800
1648,2011000777679,2100,14,4,2,290200
1649,2011000779716,2100,5,3,2,75000
1650,2011000779801,2100,0,1,0,0
1651,2011000782926,2100,0,1,0,0
1652,2011000786086,2100,0,1,0,0
1653,2011000787376,2100,0,1,0,0
1654,2011000787621,2100,44,4,1,12300
1655,2011000787817,2100,36,4,1,80000
1656,2011000790508,2100,0,1,0,0
1657,2011000791114,2100,32,5,0,4500
1658,2011000791509,2100,13,2,3,419000
1659,2011000792179,2100,0,1,0,0
1660,2011000793512,2100,31,2,1,309000
1661,2011000795864,2100,19,1,1,27000
1662,2011000796906,2100,4,2,2,104000
1663,2011000797927,2100,18,2,2,18000
1664,2011000798654,2100,0,1,0,0
1665,2011000799212,2100,5,1,1,50000
1666,2011000800347,2100,6,2,2,14300
1667,2011000800634,2100,0,1,0,0
1668,2011000803022,2100,0,1,0,0
1669,2011000804540,2100,0,1,0,0
1670,2011000805821,2100,0,1,0,0
1671,2011000805956,2100,12,3,3,194200
1672,2011000806227,2100,0,1,0,0
1673,2011000806741,2100,0,1,0,0
1674,2011000807310,2100,24,1,1,28600
1675,2011000808141,2100,39,1,1,105000
1676,2011000809675,2100,19,1,0,22000
1677,2011000812555,2100,0,1,0,0
1678,2011000814654,2100,32,0,0,0
1679,2011000817210,2100,0,1,0,0
1680,2011000817581,2100,27,2,1,9600
1681,2011000818218,2100,31,2,2,205000
1682,2011000818615,2100,0,1,0,0
1683,2011000818961,2100,15,2,3,72200
1684,2011000821947,2100,8,3,2,40000
1685,2011000824388,2100,7,2,2,41200
1686,2011000828515,2100,17,2,2,86700
1687,2011000828566,2100,16,1,1,20000
1688,2011000830666,2100,30,2,2,56690
1689,2011000832512,2100,54,3,2,32000
1690,2011000833470,2100,7,5,5,91610
1691,2011000833613,2100,25,1,1,15000
1692,2011000841315,2100,6,2,1,29000
1693,2011000841945,2100,23,2,1,2400
1694,2011000842662,2100,0,1,0,0
1695,2011000843426,2100,13,3,2,145030
1696,2011000844054,2100,0,1,0,0
1697,2011000845786,2100,26,2,2,114400
1698,2011000847501,2100,2,1,1,12000
1699,2011000847968,2100,26,2,2,130090
1700,2011000847984,2100,21,1,3,47000
1701,2011000850488,2100,0,1,0,0
1702,2011000851981,2100,22,2,2,33900
1703,2011000853568,2100,8,2,2,240000
1704,2011000856043,2100,14,3,1,105000
1705,2011000857767,2100,19,0,0,0
1706,2011000858592,2100,3,4,3,80000
1707,2011000859068,2100,0,1,0,0
1708,2011000859865,2100,18,1,0,4000
1709,2011000861578,2100,8,2,3,53800
1710,2011000862844,2100,3,2,4,54700
1711,2011000863531,2100,8,2,3,76700
1712,2011000863749,2100,0,1,0,0
1713,2011000866019,2100,2,5,4,133500
1714,2011000867429,2100,7,6,4,70300
1715,2011000868888,2100,20,2,2,62000
1716,2011000869066,2100,10,2,2,100500
1717,2011000871044,2100,14,2,1,106140
1718,2011000872132,2100,21,1,1,28300
1719,2011000874259,2100,14,2,2,8800
1720,2011000874979,2100,18,2,2,52000
1721,2011000878008,2100,82,1,1,90000
1722,2011000878316,2100,23,2,2,57500
1723,2011000881844,2100,21,2,2,138000
1724,2011000882551,2100,0,1,0,0
1725,2011000883694,2100,39,1,1,41900
1726,2011000883964,2100,5,1,1,95010
1727,2011000883966,2100,28,2,2,56200
1728,2011000887113,2100,18,2,2,36700
1729,2011000887822,2100,65,3,3,18800
1730,2011000892953,2100,12,2,1,60000
1731,2011000894051,2100,5,2,2,116000
1732,2011000895040,2100,3,1,2,59000
1733,2011000897498,2100,27,2,0,3800
1734,2011000898209,2100,26,1,1,19650
1735,2011000898916,2100,26,4,2,120000
1736,2011000901597,2100,6,1,1,24260
1737,2011000902622,2100,20,7,3,109900
1738,2011000902726,2100,5,2,2,25500
1739,2011000905028,2100,17,1,1,13000
1740,2011000905573,2100,0,1,0,0
1741,2011000907901,2100,31,1,2,37200
1742,2011000908858,2100,31,2,2,57000
1743,2011000909355,2100,12,2,2,134030
1744,2011000909793,2100,10,3,4,19000
1745,2011000910465,2100,12,1,1,58900
1746,2011000910788,2100,0,1,0,0
1747,2011000912776,2100,13,2,2,31500
1748,2011000913162,2100,13,2,2,532200
1749,2011000913339,2100,0,1,0,0
1750,2011000915248,2100,5,2,2,48000
1751,2011000916243,2100,0,1,0,0
1752,2011000920433,2100,15,2,2,80200
1753,2011000924121,2100,16,2,1,67100
1754,2011000924215,2100,3,3,2,72300
1755,2011000924250,2100,14,3,0,1800
1756,2011000924524,2100,21,3,1,50000
1757,2011000924620,2100,0,1,0,0
1758,2011000930395,2100,5,5,4,77400
1759,2011000931294,2100,0,1,0,0
1760,2011000931958,2100,6,2,1,47110
1761,2011000933449,2100,4,2,2,96300
1762,2011000933503,2100,17,2,2,25020
1763,2011000946040,2100,0,1,0,0
1764,2011000947310,2100,0,1,0,0
1765,2011000949015,2100,2,2,3,99500
1766,2011000949064,2100,0,1,0,0
1767,2011000949798,2100,17,1,0,13300
1768,2011000950583,2100,10,1,1,20000
1769,2011000950622,2100,0,1,0,0
1770,2011000951933,2100,6,2,2,59600
1771,2011000952398,2100,13,1,0,19900
1772,2011000954557,2100,12,2,3,112000
1773,2011000955167,2100,18,6,3,110000
1774,2011000955707,2100,18,2,2,136260
1775,2011000956292,2100,0,1,0,0
1776,2011000957969,2100,3,7,2,58000
1777,2011000959548,2100,13,1,1,16500
1778,2011000961780,2100,0,1,0,0
1779,2011000962094,2100,19,1,1,26900
1780,2011000967290,2100,9,2,3,53300
1781,2011000968377,2100,15,2,2,194400
1782,2011000968553,2100,19,4,2,162500
1783,2011000969609,2100,0,1,0,0
1784,2011000969676,2100,18,2,2,270
1785,2011000970747,2100,10,2,2,59000
1786,2011000972186,2100,6,1,1,15000
1787,2011000972440,2100,16,2,1,37000
1788,2011000974024,2100,37,2,3,44400
1789,2011000974584,2100,50,2,2,80000
1790,2011000975682,2100,19,1,1,14100
1791,2011000976735,2100,9,2,2,97200
1792,2011000978668,2100,11,1,1,7000
1793,2011000978954,2100,8,3,1,4800
1794,2011000980181,2100,0,1,0,0
1795,2011000981941,2100,11,3,2,50000
1796,2011000984269,2100,2,2,2,59000
1797,2011000986835,2100,77,1,1,80000
1798,2011000988601,2100,4,5,4,42300
1799,2011000989045,2100,0,1,0,0
1800,2011000990587,2100,0,1,0,0
1801,2011000998915,2100,18,3,2,83300
1802,2011000999247,2100,3,1,2,22100
1803,2011001000459,2100,20,1,0,20000
1804,2011001001051,2100,0,1,0,0
1805,2011001002193,2100,0,1,0,0
1806,2011001004641,2100,11,2,1,33900
1807,2011001006581,2100,96,0,0,0
1808,2011001007676,2100,23,4,2,74100
1809,2011001009887,2100,18,4,2,81140
1810,2011001010539,2100,12,2,2,105800
1811,2011001010857,2100,12,1,0,10200
1812,2011001010980,2100,0,1,0,0
1813,2011001011415,2100,0,1,0,0
1814,2011001013833,2100,12,1,2,70000
1815,2011001013852,2100,12,2,2,81130
1816,2011001015854,2100,4,2,1,178400
1817,2011001017112,2100,17,3,2,3200
1818,2011001017223,2100,15,2,2,88700
1819,2011001018926,2100,23,1,1,111300
1820,2011001020733,2100,18,3,2,15700
1821,2011001020782,2100,0,1,0,0
1822,2011001021415,2100,12,3,1,18500
1823,2011001021535,2100,0,1,0,0
1824,2011001022361,2100,57,5,1,8400
1825,2011001023020,2100,12,3,2,399010
1826,2011001023027,2100,15,5,2,296000
1827,2011001027184,2100,5,4,4,82000
1828,2011001028310,2100,4,3,3,142100
1829,2011001028492,2100,5,1,1,25000
1830,2011001030252,2100,0,1,0,0
1831,2011001030500,2100,0,1,0,0
1832,2011001030524,2100,26,2,0,14000
1833,2011001033476,2100,13,5,3,399000
1834,2011001033945,2100,8,3,0,28500
1835,2011001034491,2100,7,3,2,63200
1836,2011001039935,2100,28,1,1,57100
1837,2011001040306,2100,13,4,1,24500
1838,2011001040409,2100,1,2,1,17000
1839,2011001040565,2100,0,1,0,0
1840,2011001040792,2100,5,2,1,30000
1841,2011001043949,2100,0,1,0,0
1842,2011001045152,2100,0,1,0,0
1843,2011001048359,2100,13,4,2,67700
1844,2011001048948,2100,4,2,2,61000
1845,2011001049745,2100,19,2,1,28030
1846,2011001052457,2100,32,4,3,16200
1847,2011001052851,2100,5,1,1,34200
1848,2011001052880,2100,14,4,2,25000
1849,2011001053292,2100,13,1,1,11580
1850,2011001054416,2100,18,1,0,21100
1851,2011001054688,2100,0,1,0,0
1852,2011001054735,2100,18,1,1,20000
1853,2011001054790,2100,23,4,3,108800
1854,2011001054821,2100,29,2,2,43400
1855,2011001055707,2100,0,1,0,0
1856,2011001056573,2100,46,3,2,3300
1857,2011001060551,2100,0,1,0,0
1858,2011001061206,2100,0,1,0,0
1859,2011001064242,2100,33,1,1,1000
1860,2011001065181,2100,14,2,3,140020
1861,2011001065231,2100,0,1,0,0
1862,2011001067005,2100,25,1,1,13900
1863,2011001067780,2100,0,1,0,0
1864,2011001072007,2100,48,3,0,12500
1865,2011001072148,2100,0,1,0,0
1866,2011001072804,2100,0,1,0,0
1867,2011001072909,2100,52,2,2,5300
1868,2011001075172,2100,3,1,2,36000
1869,2011001076894,2100,16,4,4,120000
1870,2011001077062,2100,35,6,2,66000
1871,2011001077444,2100,0,1,0,0
1872,2011001077965,2100,0,1,0,0
1873,2011001079838,2100,0,1,0,0
1874,2011001081476,2100,0,1,0,0
1875,2011001081765,2100,12,1,1,17100
1876,2011001085749,2100,0,1,0,0
1877,2011001085800,2100,10,2,2,429000
1878,2011001088245,2100,19,4,3,1e+05
1879,2011001090666,2100,19,2,1,6600
1880,2011001093352,2100,0,1,0,0
1881,2011001096282,2100,89,0,0,0
1882,2011001097797,2100,8,2,3,139000
1883,2011001098223,2100,25,0,0,0
1884,2011001100725,2100,0,1,0,0
1885,2011001101699,2100,7,2,3,207800
1886,2011001104306,2100,15,3,3,406200
1887,2011001104808,2100,3,3,5,31200
1888,2011001108143,2100,2,2,2,35000
1889,2011001110083,2100,19,2,0,24130
1890,2011001110153,2100,24,1,1,55100
1891,2011001111318,2100,0,1,0,0
1892,2011001111633,2100,6,1,0,840
1893,2011001111883,2100,23,2,2,115000
1894,2011001112176,2100,21,3,3,131000
1895,2011001112958,2100,29,1,0,22000
1896,2011001114247,2100,102,3,2,0
1897,2011001114411,2100,2,2,2,201700
1898,2011001116084,2100,0,1,0,0
1899,2011001116429,2100,24,2,1,209700
1900,2011001118971,2100,0,1,0,0
1901,2011001121169,2100,0,1,0,0
1902,2011001122420,2100,41,2,2,107320
1903,2011001123781,2100,94,2,1,20000
1904,2011001124466,2100,26,1,1,30000
1905,2011001125356,2100,3,4,1,16200
1906,2011001127270,2100,11,2,2,165700
1907,2011001128335,2100,4,4,4,140000
1908,2011001129246,2100,38,2,2,61400
1909,2011001129333,2100,9,2,0,0
1910,2011001129517,2100,33,3,3,141700
1911,2011001129673,2100,0,1,0,0
1912,2011001129899,2100,19,2,3,33200
1913,2011001130278,2100,0,1,0,0
1914,2011001130594,2100,9,3,1,16150
1915,2011001131000,2100,0,1,0,0
1916,2011001131314,2100,0,1,0,0
1917,2011001132346,2100,0,1,0,0
1918,2011001133419,2100,13,2,2,87800
1919,2011001135730,2100,26,2,0,73910
1920,2011001136079,2100,26,2,2,135000
1921,2011001136862,2100,23,1,0,0
1922,2011001137624,2100,3,1,1,38000
1923,2011001137790,2100,55,0,0,0
1924,2011001138698,2100,0,1,0,0
1925,2011001142913,2100,19,2,2,72000
1926,2011001143667,2100,0,1,0,0
1927,2011001145185,2100,11,1,0,11400
1928,2011001145874,2100,5,2,2,34600
1929,2011001146704,2100,15,2,2,39700
1930,2011001147009,2100,2,2,2,534000
1931,2011001147461,2100,0,1,0,0
1932,2011001147995,2100,4,2,2,103100
1933,2011001148574,2100,15,1,0,48100
1934,2011001148996,2100,38,2,2,82600
1935,2011001150063,2100,5,1,1,60000
1936,2011001151480,2100,0,1,0,0
1937,2011001152616,2100,2,4,3,94100
1938,2011001153364,2100,12,1,1,50000
1939,2011001159226,2100,0,1,0,0
1940,2011001159967,2100,0,1,0,0
1941,2011001161669,2100,4,1,1,17600
1942,2011001163083,2100,9,1,1,28000
1943,2011001164348,2100,27,1,1,30000
1944,2011001167189,2100,25,1,1,32000
1945,2011001167373,2100,12,1,1,18000
1946,2011001169658,2100,16,2,2,78400
1947,2011001169666,2100,0,1,0,0
1948,2011001169840,2100,73,0,0,0
1949,2011001172429,2100,11,1,1,32100
1950,2011001173420,2100,13,1,1,15000
1951,2011001173551,2100,8,3,0,46650
1952,2011001175119,2100,34,2,1,32800
1953,2011001177373,2100,23,1,1,37000
1954,2011001180813,2100,0,1,0,0
1955,2011001180908,2100,4,4,2,77400
1956,2011001188178,2100,0,1,0,0
1957,2011001190269,2100,17,0,0,0
1958,2011001190458,2100,11,3,3,113700
1959,2011001191342,2100,37,2,1,24220
1960,2011001193354,2100,10,1,0,8700
1961,2011001193892,2100,52,5,1,24000
1962,2011001195027,2100,13,6,5,64100
1963,2011001195102,2100,0,1,0,0
1964,2011001195429,2100,1,2,2,94000
1965,2011001195878,2100,13,3,3,158000
1966,2011001198370,2100,11,2,2,28000
1967,2011001198405,2100,4,1,1,21800
1968,2011001199426,2100,31,4,2,11000
1969,2011001201277,2100,67,0,0,0
1970,2011001203063,2100,26,1,1,34600
1971,2011001204948,2100,82,5,2,31000
1972,2011001205005,2100,9,1,1,29000
1973,2011001205556,2100,3,2,2,44000
1974,2011001206054,2100,0,1,0,0
1975,2011001206459,2100,0,1,0,0
1976,2011001207152,2100,33,1,1,39000
1977,2011001207809,2100,0,1,0,0
1978,2011001209267,2100,8,1,1,5000
1979,2011001210003,2100,13,2,2,85000
1980,2011001214890,2100,55,1,1,60000
1981,2011001217283,2100,5,2,2,25990
1982,2011001217961,2100,11,2,1,21190
1983,2011001218727,2100,36,1,0,600
1984,2011001219861,2100,39,1,0,17400
1985,2011001221460,2100,19,2,2,235300
1986,2011001223105,2100,19,1,0,48000
1987,2011001223521,2100,20,2,2,54000
1988,2011001223703,2100,11,2,2,26150
1989,2011001224791,2100,4,1,0,28600
1990,2011001225062,2100,0,1,0,0
1991,2011001227109,2100,7,0,0,0
1992,2011001227210,2100,3,3,2,99000
1993,2011001227886,2100,4,2,2,30340
1994,2011001228315,2100,35,2,0,13300
1995,2011001229022,2100,0,1,0,0
1996,2011001231067,2100,14,2,3,142400
1997,2011001231745,2100,22,3,2,138000
1998,2011001235875,2100,13,2,3,65250
1999,2011001240435,2100,0,1,0,0
2000,2011001243673,2100,28,2,2,32500
2001,2011001245930,2100,3,6,2,16000
2002,2011001246298,2100,26,4,2,82600
2003,2011001247024,2100,25,4,2,53400
2004,2011001249465,2100,0,1,0,0
2005,2011001249924,2100,0,1,0,0
2006,2011001250244,2100,5,2,2,54000
2007,2011001252205,2100,0,1,0,0
2008,2011001253246,2100,8,5,2,57000
2009,2011001254603,2100,0,1,0,0
2010,2011001255876,2100,0,1,0,0
2011,2011001255883,2100,6,1,2,30300
2012,2011001260160,2100,8,1,2,29800
2013,2011001260654,2100,15,4,4,123000
2014,2011001261627,2100,18,2,2,96300
2015,2011001262040,2100,60,2,2,15700
2016,2011001262425,2100,13,4,2,135200
2017,2011001265345,2100,6,0,0,0
2018,2011001267049,2100,0,1,0,0
2019,2011001269337,2100,17,2,2,75000
2020,2011001270501,2100,10,1,1,30000
2021,2011001270869,2100,11,2,2,108600
2022,2011001271218,2100,0,1,0,0
2023,2011001275397,2100,28,2,2,31700
2024,2011001276886,2100,0,1,0,0
2025,2011001279723,2100,0,1,0,0
2026,2011001279812,2100,22,2,2,85000
2027,2011001284511,2100,0,1,0,0
2028,2011001284835,2100,24,1,1,32100
2029,2011001284982,2100,14,3,2,39200
2030,2011001287108,2100,28,4,3,80100
2031,2011001288299,2100,7,3,4,117920
2032,2011001289696,2100,21,1,1,0
2033,2011001290767,2100,7,3,1,25500
2034,2011001294008,2100,4,1,2,12530
2035,2011001297213,2100,0,1,0,0
2036,2011001297417,2100,2,2,3,31200
2037,2011001298169,2100,11,4,2,55000
2038,2011001300984,2100,0,1,0,0
2039,2011001301913,2100,0,1,0,0
2040,2011001303610,2100,0,1,0,0
2041,2011001303619,2100,5,1,2,27400
2042,2011001305329,2100,22,3,3,72000
2043,2011001305568,2100,38,2,2,128900
2044,2011001305741,2100,30,1,1,24000
2045,2011001305895,2100,4,2,1,35504
2046,2011001306052,2100,22,2,2,80300
2047,2011001307635,2100,1,2,2,90000
2048,2011001309560,2100,31,1,1,73800
2049,2011001309708,2100,3,3,2,96000
2050,2011001311395,2100,19,2,2,264300
2051,2011001312405,2100,0,1,0,0
2052,2011001314679,2100,30,2,2,181000
2053,2011001316782,2100,31,6,2,23000
2054,2011001318043,2100,32,2,2,20900
2055,2011001318781,2100,20,2,2,146700
2056,2011001319029,2100,14,2,2,196000
2057,2011001320572,2100,5,1,1,25000
2058,2011001321315,2100,35,1,1,38800
2059,2011001322014,2100,18,1,1,1500
2060,2011001322102,2100,28,1,2,7600
2061,2011001323840,2100,20,3,3,93100
2062,2011001324118,2100,45,3,1,20000
2063,2011001326807,2100,8,4,5,231000
2064,2011001328027,2100,27,5,1,72600
2065,2011001328283,2100,33,6,3,100500
2066,2011001332419,2100,13,1,1,44300
2067,2011001333577,2100,9,1,3,66800
2068,2011001335411,2100,0,1,0,0
2069,2011001337058,2100,6,1,1,23400
2070,2011001338017,2100,4,2,2,115900
2071,2011001341577,2100,0,1,0,0
2072,2011001342295,2100,11,2,2,36000
2073,2011001343690,2100,24,1,1,27000
2074,2011001349997,2100,32,2,2,39600
2075,2011001350119,2100,13,2,2,31000
2076,2011001350215,2100,84,1,0,18400
2077,2011001350233,2100,0,1,0,0
2078,2011001351247,2100,0,1,0,0
2079,2011001351366,2100,21,4,2,86100
2080,2011001351474,2100,15,4,3,206500
2081,2011001352744,2100,10,1,1,24000
2082,2011001353256,2100,16,4,2,170100
2083,2011001353720,2100,13,2,1,23200
2084,2011001356719,2100,18,4,0,7400
2085,2011001356971,2100,32,2,0,4000
2086,2011001358581,2100,14,3,1,7000
2087,2011001359489,2100,19,1,1,20000
2088,2011001359726,2100,2,1,2,32000
2089,2011001362531,2100,47,3,1,5400
2090,2011001362886,2100,39,3,2,95000
2091,2011001364977,2100,24,1,1,65000
2092,2011001365777,2100,21,2,2,42000
2093,2011001366554,2100,25,1,2,26000
2094,2011001366944,2100,10,1,1,21900
2095,2011001367973,2100,0,1,0,0
2096,2011001368799,2100,0,1,0,0
2097,2011001369322,2100,20,3,2,50100
2098,2011001371396,2100,19,2,2,71600
2099,2011001372436,2100,3,1,2,35000
2100,2011001373550,2100,24,1,1,34400
2101,2011001374427,2100,28,3,1,23000
2102,2011001380115,2100,4,2,1,48400
2103,2011001380336,2100,0,1,0,0
2104,2011001383450,2100,22,2,2,59300
2105,2011001384580,2100,10,5,2,8950
2106,2011001384803,2100,57,4,1,70000
2107,2011001385262,2100,17,2,2,155300
2108,2011001385441,2100,21,12,2,184170
2109,2011001385457,2100,13,2,2,191000
2110,2011001388270,2100,8,2,2,15000
2111,2011001390622,2100,6,2,2,39800
2112,2011001392286,2100,105,6,3,70800
2113,2011001393039,2100,20,2,3,502000
2114,2011001395641,2100,13,1,1,55000
2115,2011001396039,2100,63,1,1,40000
2116,2011001397419,2100,3,2,2,78250
2117,2011001397806,2100,17,5,1,75000
2118,2011001399935,2100,54,2,2,32300
2119,2011001401197,2100,7,1,1,22230
2120,2011001402829,2100,14,2,2,156100
2121,2011001402987,2100,3,2,3,157690
2122,2011001405132,2100,3,2,2,42620
2123,2011001406990,2100,38,4,3,0
2124,2011001407503,2100,0,1,0,0
2125,2011001408884,2100,0,1,0,0
2126,2011001408988,2100,4,3,2,23300
2127,2011001410073,2100,32,1,0,27000
2128,2011001410318,2100,34,1,1,75000
2129,2011001411882,2100,0,1,0,0
2130,2011001412312,2100,2,1,1,54000
2131,2011001413620,2100,0,1,0,0
2132,2011001417185,2100,0,1,0,0
2133,2011001417943,2100,32,1,2,3000
2134,2011001418209,2100,4,2,1,34000
2135,2011001419029,2100,20,1,0,47000
2136,2011001419071,2100,16,2,2,595300
2137,2011001419985,2100,26,1,0,10000
2138,2011001424626,2100,24,2,2,70500
2139,2011001424723,2100,21,2,1,106200
2140,2011001425665,2100,31,6,2,66200
2141,2011001427110,2100,0,1,0,0
2142,2011001428333,2100,0,1,0,0
2143,2011001429184,2100,5,2,1,38300
2144,2011001429397,2100,42,5,1,7000
2145,2011001430539,2100,5,2,1,35100
2146,2011001431439,2100,0,1,0,0
2147,2011001432841,2100,22,2,1,43300
2148,2011001432919,2100,13,1,1,13000
2149,2011001434705,2100,70,0,0,0
2150,2011001436645,2100,15,1,1,16000
2151,2011001436964,2100,68,1,1,0
2152,2011001438668,2100,10,1,0,6000
2153,2011001438949,2100,30,1,2,59900
2154,2011001439390,2100,0,1,0,0
2155,2011001443063,2100,2,4,4,136000
2156,2011001444329,2100,18,3,2,83600
2157,2011001445545,2100,6,4,3,102800
2158,2011001448248,2100,13,2,2,112000
2159,2011001449839,2100,17,1,1,50500
2160,2011001451527,2100,35,0,0,0
2161,2011001451912,2100,10,2,1,57000
2162,2011001452419,2100,0,1,0,0
2163,2011001454630,2100,6,2,2,8770
2164,2011001456677,2100,10,3,2,87600
2165,2011001457944,2100,20,5,2,296000
2166,2011001461209,2100,0,1,0,0
2167,2011001462351,2100,15,5,5,381600
2168,2011001463443,2100,18,2,2,13200
2169,2011001463619,2100,0,1,0,0
2170,2011001464014,2100,0,1,0,0
2171,2011001464065,2100,6,3,3,50000
2172,2011001465121,2100,0,1,0,0
2173,2011001465231,2100,9,3,1,10000
2174,2011001467646,2100,17,2,1,56000
2175,2011001471093,2100,10,1,0,25500
2176,2011001472781,2100,0,1,0,0
2177,2011001473774,2100,4,4,2,75900
2178,2011001475833,2100,4,2,2,41000
2179,2011001477402,2100,2,3,3,31780
2180,2011001478168,2100,7,1,1,77100
2181,2011001479575,2100,0,1,0,0
2182,2011001480404,2100,22,2,2,84970
2183,2011001481901,2100,27,1,1,62000
2184,2011001482991,2100,0,1,0,0
2185,2011001485708,2100,35,6,2,37400
2186,2011001486166,2100,0,1,0,0
2187,2011001487733,2100,11,2,2,74000
2188,2011001490146,2100,0,1,0,0
2189,2011001490636,2100,34,1,1,25000
2190,2011001492659,2100,67,0,0,0
2191,2011001494809,2100,20,1,1,32100
2192,2011001497028,2100,0,1,0,0
2193,2011001497223,2100,34,4,1,8400
2194,2011001497645,2100,7,1,0,0
2195,2011001498658,2100,0,1,0,0
2196,2011001499910,2100,14,1,1,1000
2197,2011001499953,2100,7,3,2,1e+05
2198,2011001500406,2100,21,4,2,96000
2199,2011001501718,2100,49,1,1,15500
