"","SERIALNO","PUMA","PWGTP","AGEP","SEX","WAGP"
0,3474,2100,77,28,1,72000
1,5235,2100,183,47,2,80000
2,5235,2100,136,16,2,0
3,5235,2100,155,14,2,0
4,9650,2100,74,40,2,16800
5,9650,2100,187,23,1,700
6,9650,2100,96,11,2,0
7,11823,2100,243,43,1,55000
8,11823,2100,207,44,2,0
9,11823,2100,217,8,2,0
10,11823,2100,221,5,1,0
11,12471,2100,54,20,1,0
12,12471,2100,188,20,1,0
13,13236,2100,123,60,1,90000
14,13236,2100,133,60,2,1e+05
15,13236,2100,215,19,2,0
16,13531,2100,17,76,2,0
17,13531,2100,29,23,1,8000
18,14113,2100,53,49,1,1e+05
19,15838,2100,151,61,1,123000
20,15838,2100,245,63,2,0
21,17212,2100,117,24,2,43000
22,17569,2100,316,31,1,45000
23,19392,2100,69,49,1,40000
24,19392,2100,63,44,2,40000
25,19392,2100,120,89,2,0
26,19433,2100,16,31,1,45000
27,19433,2100,19,28,2,61000
28,19433,2100,15,2,2,0
29,19433,2100,20,1,1,0
30,19554,2100,33,33,1,22000
31,19641,2100,105,79,1,0
32,19727,2100,196,54,1,70000
33,21395,2100,79,45,1,90000
34,21395,2100,74,42,2,30000
35,21395,2100,80,14,2,0
36,24038,2100,3,20,1,1500
37,24083,2100,128,19,2,0
38,25419,2100,161,33,2,0
39,25419,2100,109,34,1,35000
40,25419,2100,161,5,1,0
41,25419,2100,146,2,1,0
42,25494,2100,71,26,2,15000
43,25494,2100,60,30,1,32000
44,25638,2100,49,44,2,82000
45,25638,2100,54,43,1,41100
46,25638,2100,50,5,2,0
47,27835,2100,26,67,1,85000
48,27835,2100,21,67,2,0
49,30070,2100,105,18,2,0
50,31385,2100,61,22,1,1900
51,31561,2100,25,20,1,2000
52,32216,2100,26,23,1,0
53,34086,2100,86,37,1,68000
54,34086,2100,74,33,2,1400
55,34548,2100,139,80,2,0
56,35392,2100,20,64,2,1700
57,37783,2100,153,44,2,55000
58,37783,2100,88,48,1,185000
59,37783,2100,94,6,2,0
60,37783,2100,65,4,2,0
61,38367,2100,73,19,2,3000
62,47254,2100,62,18,1,350
63,55887,2100,127,37,2,34000
64,55887,2100,91,18,1,0
65,55887,2100,114,16,1,0
66,58854,2100,108,29,2,41700
67,60114,2100,26,65,1,0
68,60114,2100,26,63,2,85000
69,60246,2100,139,26,1,26000
70,61025,2100,23,74,2,0
71,65605,2100,123,18,1,1000
72,67573,2100,24,55,1,0
73,68055,2100,132,46,1,64000
74,69334,2100,133,65,1,0
75,70087,2100,34,19,2,1000
76,71023,2100,79,18,1,0
77,74086,2100,109,26,2,22800
78,74086,2100,128,23,1,45800
79,75964,2100,84,21,2,2000
80,77371,2100,28,21,2,3000
81,77371,2100,49,22,2,1200
82,77371,2100,49,22,2,1200
83,77371,2100,49,21,2,1200
84,81674,2100,12,90,2,0
85,89904,2100,127,21,1,5000
86,89938,2100,96,31,1,20000
87,89938,2100,394,61,2,0
88,89972,2100,88,18,2,2700
89,90744,2100,29,66,2,0
90,94192,2100,113,33,1,52000
91,94192,2100,123,29,2,61000
92,94192,2100,146,0,1,0
93,95462,2100,87,20,1,12000
94,95462,2100,148,21,1,6000
95,95462,2100,147,21,1,3000
96,95462,2100,147,20,1,12000
97,99790,2100,10,55,1,0
98,99790,2100,12,7,1,0
99,100720,2100,136,63,1,505000
100,100720,2100,148,58,2,505000
101,101072,2100,76,39,2,18000
102,101072,2100,80,12,1,0
103,101072,2100,81,10,2,0
104,101242,2100,23,32,2,15000
105,101242,2100,19,26,1,55000
106,101242,2100,21,10,1,0
107,101242,2100,21,8,1,0
108,101242,2100,24,7,1,0
109,105801,2100,69,21,2,37000
110,105801,2100,119,21,2,8000
111,105801,2100,120,21,2,5700
112,105801,2100,118,21,2,2000
113,105801,2100,88,21,2,5000
114,106165,2100,17,23,1,24000
115,106609,2100,24,30,2,24600
116,106609,2100,23,29,1,0
117,106609,2100,25,7,1,0
118,106609,2100,24,3,1,0
119,106850,2100,178,39,1,80000
120,107599,2100,40,21,2,5000
121,108570,2100,89,86,2,0
122,108713,2100,413,36,1,45000
123,111438,2100,132,51,1,132000
124,111438,2100,150,59,2,98000
125,111438,2100,131,17,2,1000
126,114402,2100,89,18,1,3300
127,114403,2100,62,79,1,0
128,114403,2100,64,69,2,0
129,117418,2100,117,25,2,0
130,119550,2100,152,35,1,1e+05
131,119550,2100,114,35,2,85000
132,119550,2100,141,3,2,0
133,119550,2100,140,2,1,0
134,120756,2100,4,23,1,20000
135,123386,2100,26,18,2,0
136,123637,2100,149,26,1,14400
137,123637,2100,124,26,2,12000
138,123898,2100,69,21,1,0
139,123898,2100,120,21,1,0
140,124445,2100,90,55,2,39500
141,124445,2100,77,56,1,50000
142,124445,2100,138,27,1,19800
143,124463,2100,276,22,1,16000
144,125171,2100,86,21,1,0
145,127258,2100,65,52,1,48000
146,127258,2100,72,58,2,35000
147,127258,2100,121,21,1,0
148,129617,2100,143,48,1,61000
149,129741,2100,72,19,1,0
150,129950,2100,112,52,1,30000
151,129950,2100,121,41,2,26300
152,129950,2100,126,13,2,0
153,130242,2100,129,68,2,3600
154,130242,2100,145,69,1,44700
155,131853,2100,88,81,2,0
156,133002,2100,97,28,2,23000
157,135671,2100,125,22,1,1900
158,137407,2100,92,30,1,55000
159,137407,2100,99,29,2,23000
160,137407,2100,88,3,2,0
161,137407,2100,88,0,2,0
162,139920,2100,75,49,1,107000
163,139920,2100,78,50,2,25000
164,139920,2100,66,16,2,250
165,144453,2100,123,21,2,4200
166,144453,2100,210,21,2,4300
167,146269,2100,27,68,2,300
168,146269,2100,31,68,1,30000
169,146412,2100,67,29,2,18600
170,148513,2100,147,39,1,30000
171,149761,2100,12,21,1,10000
172,152339,2100,46,35,1,26000
173,152339,2100,36,31,2,0
174,152339,2100,43,1,1,0
175,153452,2100,130,65,1,15000
176,153865,2100,32,62,1,0
177,153865,2100,26,64,2,3000
178,155405,2100,69,66,2,0
179,155405,2100,79,67,1,0
180,156136,2100,159,51,2,0
181,160877,2100,123,23,2,10200
182,160877,2100,98,30,1,16000
183,161490,2100,92,61,2,42000
184,161490,2100,79,62,1,24000
185,162783,2100,13,71,2,0
186,162792,2100,10,94,1,0
187,166996,2100,160,77,2,0
188,166996,2100,265,48,1,30000
189,167484,2100,27,76,2,0
190,167484,2100,36,82,1,0
191,168614,2100,81,56,2,60000
192,168614,2100,69,59,1,150000
193,172351,2100,128,23,2,10000
194,172351,2100,101,33,1,24000
195,174298,2100,108,19,1,0
196,177646,2100,22,20,1,0
197,179981,2100,37,20,1,530
198,179981,2100,63,20,1,0
199,179981,2100,63,19,1,900
200,181028,2100,358,25,1,30000
201,182464,2100,115,64,2,0
202,184841,2100,313,45,2,61000
203,184841,2100,174,15,1,0
204,186167,2100,220,36,2,60000
205,186167,2100,199,16,2,0
206,187492,2100,12,70,2,0
207,187735,2100,127,63,1,35000
208,188068,2100,96,18,2,3600
209,188925,2100,96,22,2,4000
210,191073,2100,458,40,2,0
211,191528,2100,80,30,1,40000
212,191528,2100,98,31,2,0
213,191528,2100,114,1,1,0
214,193179,2100,27,58,1,4500
215,193179,2100,28,58,2,35000
216,193749,2100,117,24,2,23700
217,193749,2100,186,29,2,20000
218,194364,2100,23,51,1,110000
219,194364,2100,29,49,2,20400
220,196691,2100,145,64,2,0
221,196691,2100,108,76,1,0
222,198515,2100,155,40,1,71000
223,198515,2100,132,39,2,48000
224,198515,2100,140,8,1,0
225,199107,2100,285,34,2,34000
226,201723,2100,21,79,1,0
227,201723,2100,27,77,2,0
228,203643,2100,75,28,1,45000
229,203643,2100,62,27,2,45000
230,203643,2100,53,1,2,0
231,204862,2100,147,59,2,41000
232,208427,2100,82,25,1,24000
233,208494,2100,22,18,1,0
234,208661,2100,110,17,2,0
235,209408,2100,195,47,2,0
236,211661,2100,20,41,2,43000
237,214054,2100,80,37,1,51000
238,214054,2100,69,37,2,55000
239,214054,2100,74,6,1,0
240,214054,2100,50,3,2,0
241,216007,2100,180,34,2,25000
242,216225,2100,186,36,1,29000
243,216225,2100,163,34,2,50000
244,216225,2100,169,6,1,0
245,216225,2100,115,3,2,0
246,217933,2100,103,19,2,0
247,220075,2100,104,19,2,1000
248,221361,2100,95,34,2,0
249,221361,2100,65,34,1,56000
250,221361,2100,96,9,1,0
251,221361,2100,95,6,2,0
252,221361,2100,87,0,1,0
253,221361,2100,120,8,1,0
254,221361,2100,94,9,2,0
255,221361,2100,94,8,2,0
256,221361,2100,94,5,2,0
257,224039,2100,61,81,1,0
258,224039,2100,75,76,2,0
259,224333,2100,12,61,1,75000
260,225252,2100,21,63,2,0
261,225252,2100,18,64,1,0
262,225487,2100,114,37,2,0
263,225487,2100,287,18,1,5000
264,227059,2100,106,70,1,0
265,227059,2100,88,70,2,0
266,228445,2100,82,19,1,12500
267,228544,2100,26,66,1,36000
268,228544,2100,26,63,2,36000
269,228918,2100,13,81,2,8200
270,229382,2100,400,28,1,13000
271,231288,2100,70,19,1,5000
272,234021,2100,39,24,1,4000
273,236622,2100,160,38,1,42000
274,237769,2100,19,53,2,33000
275,237769,2100,16,59,1,0
276,237769,2100,31,21,1,5000
277,237769,2100,16,17,1,0
278,237927,2100,118,18,1,0
279,240164,2100,98,19,2,2000
280,241143,2100,157,61,2,0
281,241143,2100,136,64,1,3000
282,242305,2100,35,54,1,0
283,242704,2100,130,56,1,1e+05
284,242704,2100,142,54,2,0
285,243099,2100,27,36,2,0
286,243099,2100,27,39,1,38000
287,243099,2100,24,14,2,0
288,243099,2100,26,12,2,0
289,243099,2100,25,9,1,0
290,243207,2100,153,36,1,45000
291,243207,2100,133,32,2,32500
292,243207,2100,126,0,1,0
293,244154,2100,16,20,1,2500
294,244732,2100,127,81,2,0
295,244732,2100,198,57,1,8100
296,245400,2100,19,68,1,0
297,246096,2100,67,61,1,42000
298,246096,2100,51,55,2,0
299,247028,2100,74,72,2,0
300,247028,2100,145,77,1,0
301,247683,2100,45,74,1,110000
302,248999,2100,151,29,1,79000
303,248999,2100,71,24,2,0
304,248999,2100,138,2,1,0
305,248999,2100,389,72,2,0
306,249365,2100,74,60,2,47000
307,249887,2100,109,25,1,0
308,249964,2100,49,18,2,1000
309,250206,2100,97,22,1,1300
310,250676,2100,12,21,1,2000
311,251252,2100,21,75,1,0
312,251252,2100,26,75,2,0
313,252645,2100,169,37,1,64000
314,253534,2100,26,58,1,51000
315,253534,2100,28,57,2,20000
316,253534,2100,39,21,2,2000
317,253534,2100,18,18,1,0
318,254904,2100,126,22,2,0
319,254904,2100,137,22,1,5000
320,255555,2100,246,51,2,0
321,255860,2100,79,56,2,0
322,261627,2100,27,68,1,0
323,262516,2100,48,46,1,120000
324,262516,2100,43,17,1,0
325,262516,2100,50,14,2,0
326,263931,2100,128,33,1,84000
327,263931,2100,174,32,2,30000
328,263931,2100,163,4,1,0
329,267541,2100,7,17,2,0
330,270215,2100,57,33,1,10000
331,270215,2100,148,36,1,30000
332,271872,2100,18,58,1,36200
333,272665,2100,135,46,1,45000
334,273486,2100,18,61,1,0
335,273486,2100,20,61,2,32000
336,273538,2100,20,51,2,0
337,273538,2100,17,55,1,0
338,278253,2100,35,20,2,2000
339,279449,2100,19,66,1,87000
340,281618,2100,122,26,1,12300
341,282514,2100,167,52,2,45000
342,282559,2100,169,80,2,0
343,282559,2100,231,85,1,0
344,288136,2100,21,65,2,35000
345,288945,2100,84,19,2,3000
346,290122,2100,153,55,2,0
347,290122,2100,224,20,2,15000
348,290122,2100,261,78,2,0
349,294216,2100,21,74,2,0
350,294231,2100,150,61,1,92000
351,298154,2100,75,41,2,58000
352,298154,2100,83,38,1,75000
353,298318,2100,15,50,1,94000
354,298318,2100,21,46,2,19000
355,298318,2100,31,20,1,19000
356,298318,2100,14,17,2,1500
357,298815,2100,11,56,1,50000
358,298815,2100,23,54,2,9000
359,298815,2100,8,19,1,10900
360,300523,2100,31,35,1,50000
361,300523,2100,25,36,2,2000
362,300523,2100,28,9,1,0
363,304594,2100,53,17,2,0
364,305981,2100,126,61,1,0
365,308544,2100,89,37,1,38300
366,311956,2100,60,18,2,1000
367,315672,2100,14,40,1,5300
368,315672,2100,11,39,2,3500
369,315672,2100,13,10,1,0
370,315672,2100,12,8,1,0
371,315672,2100,12,17,2,5300
372,316863,2100,80,27,1,37000
373,317190,2100,226,35,1,1e+05
374,317190,2100,172,36,2,0
375,317190,2100,212,1,1,0
376,317726,2100,30,49,2,23000
377,317726,2100,22,53,1,11600
378,317726,2100,27,14,1,0
379,317726,2100,26,13,2,0
380,319878,2100,308,76,2,0
381,319878,2100,492,23,1,4000
382,320014,2100,41,77,2,0
383,320216,2100,93,29,1,19300
384,321561,2100,83,63,1,0
385,321844,2100,148,48,1,70000
386,321844,2100,170,46,2,70000
387,321844,2100,132,17,2,0
388,324037,2100,62,19,1,3000
389,328528,2100,81,53,2,2e+05
390,328528,2100,78,11,1,0
391,328528,2100,123,18,2,1800
392,328528,2100,67,16,2,0
393,328810,2100,15,19,2,2000
394,329100,2100,356,28,2,70000
395,329100,2100,306,34,1,104000
396,329100,2100,403,3,1,0
397,331848,2100,64,22,2,7500
398,331848,2100,178,28,2,20400
399,331848,2100,193,23,2,0
400,336189,2100,76,20,2,0
401,336189,2100,129,20,2,7000
402,336189,2100,127,20,2,3000
403,336189,2100,129,20,2,1000
404,337716,2100,131,55,2,0
405,338729,2100,134,56,2,0
406,338729,2100,128,49,1,45000
407,338729,2100,185,23,1,23800
408,338729,2100,142,22,2,2400
409,338729,2100,178,79,1,0
410,340363,2100,149,69,2,52000
411,342044,2100,124,19,2,0
412,342563,2100,26,21,1,3500
413,342884,2100,115,22,2,0
414,342884,2100,201,21,2,0
415,342898,2100,435,20,1,1400
416,345817,2100,21,89,1,0
417,345817,2100,25,90,2,0
418,346359,2100,78,34,2,31000
419,346359,2100,53,31,1,22000
420,346359,2100,55,3,2,0
421,346359,2100,53,1,2,0
422,346359,2100,78,11,2,0
423,347762,2100,66,18,2,1900
424,350654,2100,12,20,1,2700
425,352363,2100,14,19,1,7000
426,353200,2100,99,68,2,0
427,353286,2100,56,57,2,12000
428,353286,2100,104,37,1,21800
429,353286,2100,82,22,2,20000
430,353998,2100,168,64,2,30000
431,353998,2100,158,65,1,1e+05
432,354252,2100,13,20,2,2000
433,355003,2100,22,63,1,0
434,355003,2100,26,62,2,0
435,355670,2100,39,84,2,0
436,357497,2100,15,50,1,110000
437,357497,2100,20,48,2,50000
438,357497,2100,18,14,1,0
439,357999,2100,48,19,1,0
440,358623,2100,77,33,2,4700
441,358623,2100,81,43,1,1e+05
442,358623,2100,79,14,2,0
443,358623,2100,76,12,2,0
444,359793,2100,133,48,1,78000
445,359793,2100,127,43,2,0
446,359793,2100,202,20,2,10500
447,359793,2100,93,19,1,0
448,359793,2100,115,17,1,5500
449,360543,2100,382,51,1,0
450,360869,2100,24,34,2,20000
451,360917,2100,21,56,2,31000
452,360917,2100,16,55,1,30000
453,360917,2100,31,20,1,2500
454,363144,2100,95,18,1,12500
455,363520,2100,154,38,1,44000
456,363520,2100,127,3,1,0
457,363520,2100,128,0,1,0
458,363520,2100,108,28,2,37000
459,363652,2100,23,66,1,0
460,363652,2100,19,66,2,0
461,364669,2100,43,24,2,20000
462,365933,2100,61,83,1,0
463,365933,2100,75,82,2,0
464,366032,2100,70,20,2,1200
465,366032,2100,122,22,2,21800
466,366032,2100,122,21,2,2000
467,367122,2100,139,20,2,0
468,367122,2100,238,20,2,0
469,367423,2100,99,32,1,35000
470,367423,2100,136,30,2,26000
471,372621,2100,163,22,1,0
472,372621,2100,281,23,1,0
473,372621,2100,280,22,1,0
474,372621,2100,281,21,1,0
475,376405,2100,21,25,2,30000
476,376405,2100,23,26,1,30000
477,381196,2100,149,36,2,0
478,381196,2100,163,38,1,8000
479,383209,2100,137,71,2,0
480,388381,2100,11,20,2,3500
481,388808,2100,26,18,1,0
482,391389,2100,46,19,1,350
483,392051,2100,134,65,2,0
484,397081,2100,92,52,2,170000
485,397081,2100,74,52,1,1e+05
486,397081,2100,88,14,1,0
487,397941,2100,55,26,1,15000
488,400980,2100,41,18,1,0
489,400980,2100,69,20,1,0
490,400980,2100,70,19,1,0
491,401647,2100,268,34,1,52000
492,401647,2100,350,35,2,38000
493,401647,2100,257,18,1,0
494,401647,2100,377,9,1,0
495,401647,2100,256,2,2,0
496,404692,2100,38,18,2,2000
497,406273,2100,49,35,1,5100
498,406273,2100,39,34,2,8000
499,406273,2100,70,9,1,0
500,406273,2100,71,6,2,0
501,406595,2100,76,29,2,45000
502,406595,2100,65,30,1,45000
503,408712,2100,68,22,2,5000
504,408712,2100,87,21,2,2500
505,408712,2100,120,21,2,8000
506,410034,2100,89,18,1,0
507,413167,2100,295,22,2,8000
508,416166,2100,27,51,2,20000
509,416166,2100,22,16,1,0
510,419170,2100,25,71,2,0
511,421506,2100,153,80,2,0
512,421506,2100,116,84,1,0
513,422792,2100,138,38,2,61000
514,422792,2100,143,5,2,0
515,425160,2100,79,19,1,2000
516,425160,2100,331,20,1,300
517,425160,2100,333,20,1,1000
518,425160,2100,331,20,1,10000
519,427084,2100,37,72,1,0
520,432248,2100,82,86,2,0
521,432407,2100,108,31,1,26000
522,432407,2100,117,26,2,24000
523,436589,2100,132,22,2,7900
524,437313,2100,70,18,2,0
525,439233,2100,73,66,1,0
526,439233,2100,74,60,2,0
527,441029,2100,19,51,1,46200
528,441029,2100,26,46,2,12500
529,441029,2100,24,8,1,0
530,441313,2100,26,28,1,58000
531,445166,2100,84,49,1,168000
532,446354,2100,63,50,1,9800
533,446354,2100,80,51,2,98000
534,447827,2100,12,30,1,60000
535,450105,2100,217,42,1,55000
536,450105,2100,185,40,2,46000
537,450105,2100,199,8,1,0
538,450105,2100,198,11,1,0
539,451376,2100,132,46,1,28600
540,451376,2100,135,14,1,0
541,453888,2100,277,30,1,50000
542,453888,2100,321,35,2,7000
543,454592,2100,85,60,2,0
544,454592,2100,71,60,1,47000
545,457690,2100,98,63,2,39000
546,458908,2100,88,48,2,11100
547,458908,2100,69,59,1,131000
548,463207,2100,47,23,2,27000
549,463207,2100,125,54,2,0
550,464096,2100,44,94,2,0
551,464963,2100,157,52,2,1e+05
552,464963,2100,127,52,1,98000
553,464963,2100,224,21,2,0
554,465919,2100,3,23,1,300
555,468800,2100,127,18,2,1000
556,469497,2100,14,31,1,27000
557,469497,2100,20,11,2,0
558,469497,2100,18,3,1,0
559,469497,2100,31,32,2,15000
560,471835,2100,77,62,1,102000
561,474890,2100,128,66,1,20000
562,474890,2100,103,67,2,25000
563,475529,2100,106,18,1,0
564,475732,2100,97,71,2,0
565,476053,2100,133,29,2,51000
566,476053,2100,150,29,1,20000
567,476053,2100,113,0,2,0
568,476513,2100,84,35,1,75000
569,476513,2100,71,35,2,0
570,476513,2100,69,0,1,0
571,476513,2100,64,17,1,0
572,476513,2100,75,6,2,0
573,478596,2100,62,77,1,0
574,485050,2100,96,47,1,1e+05
575,485050,2100,112,47,2,1300
576,485050,2100,83,17,1,0
577,485050,2100,98,14,1,0
578,485050,2100,99,14,1,0
579,485050,2100,99,10,2,0
580,485050,2100,96,5,2,0
581,486671,2100,26,66,1,0
582,486671,2100,26,57,2,0
583,489495,2100,31,52,2,21600
584,489673,2100,9,75,1,0
585,489673,2100,11,73,2,41000
586,490673,2100,151,19,2,0
587,490706,2100,149,60,1,48000
588,490706,2100,163,61,2,0
589,493930,2100,231,43,2,30000
590,496216,2100,82,20,2,730
591,496589,2100,87,55,2,0
592,496589,2100,70,50,1,144000
593,497447,2100,22,25,1,20000
594,497447,2100,18,24,2,25000
595,497543,2100,137,66,1,49000
596,497543,2100,114,65,2,40000
597,499593,2100,107,45,2,70000
598,499593,2100,140,6,2,0
599,502086,2100,21,52,1,65000
600,502086,2100,27,49,2,44000
601,502086,2100,39,21,1,25000
602,502833,2100,142,87,2,0
603,503319,2100,77,55,1,130000
604,503319,2100,34,47,2,0
605,503840,2100,31,44,1,86000
606,504469,2100,134,44,1,5800
607,504469,2100,103,45,2,5000
608,504469,2100,193,14,2,0
609,505201,2100,71,68,1,0
610,506802,2100,158,88,2,0
611,506802,2100,121,90,1,0
612,507307,2100,67,18,1,1500
613,509064,2100,66,19,2,0
614,509129,2100,122,72,2,0
615,509479,2100,125,34,1,63000
616,509479,2100,170,33,2,24000
617,509479,2100,160,1,1,0
618,509479,2100,120,1,2,0
619,510319,2100,78,51,1,48000
620,510319,2100,91,54,2,0
621,512238,2100,253,32,1,23000
622,512238,2100,393,3,2,0
623,513251,2100,64,70,2,0
624,513251,2100,59,80,1,0
625,514673,2100,38,18,1,0
626,514910,2100,39,18,2,0
627,515020,2100,77,25,1,0
628,515747,2100,79,21,2,0
629,516133,2100,155,25,1,27200
630,516762,2100,41,24,2,32000
631,518003,2100,88,20,1,2000
632,518110,2100,122,39,2,39000
633,518110,2100,107,17,1,6000
634,518110,2100,109,16,2,0
635,518110,2100,113,4,1,0
636,518110,2100,133,44,1,38000
637,519294,2100,13,67,1,0
638,519294,2100,10,66,2,0
639,519592,2100,108,26,2,0
640,519592,2100,118,24,2,20000
641,520207,2100,22,18,2,500
642,521800,2100,69,34,1,20000
643,521800,2100,64,29,2,30000
644,525274,2100,269,56,2,14000
645,525274,2100,417,57,1,0
646,527687,2100,57,33,1,40000
647,527687,2100,96,33,1,40000
648,528415,2100,27,32,1,70000
649,528415,2100,36,30,2,25000
650,528415,2100,33,2,1,0
651,528442,2100,82,40,1,45000
652,528442,2100,70,39,2,44000
653,528442,2100,74,8,2,0
654,528442,2100,76,6,2,0
655,531179,2100,87,26,1,23000
656,531179,2100,84,29,1,28000
657,531588,2100,18,55,2,36000
658,531588,2100,16,57,1,51000
659,531588,2100,13,19,1,1500
660,531588,2100,32,47,1,29000
661,531595,2100,148,19,2,0
662,535887,2100,76,83,2,0
663,539871,2100,136,29,1,0
664,539871,2100,214,26,1,21600
665,540703,2100,62,18,1,0
666,541606,2100,26,57,2,0
667,545706,2100,73,30,2,0
668,545706,2100,55,34,1,505000
669,545706,2100,82,1,1,0
670,545910,2100,84,44,2,50000
671,545910,2100,92,44,1,70000
672,545910,2100,311,18,1,6000
673,546231,2100,92,18,2,1500
674,546469,2100,359,21,1,0
675,546469,2100,622,22,1,0
676,547815,2100,27,38,2,37000
677,547815,2100,27,42,1,50000
678,549758,2100,14,56,2,60000
679,550803,2100,24,43,2,41000
680,550803,2100,22,17,2,1500
681,550803,2100,26,14,2,0
682,550832,2100,54,33,1,27000
683,550832,2100,110,27,2,0
684,551921,2100,57,37,1,2500
685,551921,2100,49,37,2,40000
686,551921,2100,50,10,2,0
687,553457,2100,91,42,1,0
688,555403,2100,13,20,1,3000
689,557181,2100,12,20,2,1000
690,557191,2100,102,20,2,2000
691,557449,2100,76,94,1,0
692,558623,2100,101,19,1,0
693,560091,2100,139,31,1,25000
694,560091,2100,189,30,2,60000
695,560091,2100,195,5,1,0
696,563015,2100,142,37,2,47000
697,563015,2100,150,12,1,0
698,563015,2100,146,10,2,0
699,563718,2100,125,80,2,0
700,563718,2100,95,84,1,0
701,564818,2100,79,60,2,58000
702,564818,2100,67,63,1,55000
703,566353,2100,103,26,1,30000
704,566353,2100,87,28,2,10000
705,566353,2100,77,4,2,0
706,566353,2100,100,0,1,0
707,566353,2100,75,0,2,0
708,566489,2100,74,55,1,0
709,567175,2100,29,44,1,42000
710,567175,2100,25,12,1,0
711,567175,2100,26,7,2,0
712,569745,2100,113,65,2,16000
713,569745,2100,116,64,1,0
714,569745,2100,195,24,2,0
715,573386,2100,88,18,2,1200
716,574278,2100,71,52,1,70000
717,574278,2100,82,55,2,70000
718,574278,2100,70,17,2,1200
719,575324,2100,50,20,2,7200
720,575324,2100,86,21,2,0
721,575993,2100,80,19,1,0
722,578577,2100,28,34,2,13000
723,578577,2100,49,65,1,0
724,578577,2100,52,64,2,0
725,578782,2100,72,23,2,5200
726,579627,2100,65,86,1,0
727,581259,2100,67,63,1,2e+05
728,581259,2100,72,58,2,0
729,582340,2100,115,26,2,40000
730,590384,2100,11,19,2,2200
731,591402,2100,144,56,1,81000
732,591657,2100,52,25,1,18000
733,592066,2100,86,28,1,11000
734,592066,2100,126,26,2,26000
735,592066,2100,151,26,1,12000
736,592629,2100,146,45,1,84000
737,592629,2100,147,11,2,0
738,592629,2100,147,7,2,0
739,592629,2100,110,11,2,0
740,592629,2100,138,41,2,71000
741,593541,2100,105,82,1,0
742,593541,2100,126,77,2,0
743,594047,2100,10,19,1,2000
744,595317,2100,58,43,2,12000
745,595317,2100,63,35,1,16000
746,595317,2100,90,21,2,5000
747,595317,2100,58,13,2,0
748,595345,2100,347,51,1,90000
749,595345,2100,446,47,2,50000
750,595345,2100,335,17,1,0
751,599563,2100,119,75,2,0
752,599563,2100,178,60,1,0
753,600551,2100,155,63,2,62000
754,600551,2100,226,22,2,11000
755,602759,2100,84,40,2,115000
756,607258,2100,30,86,2,10000
757,607541,2100,32,18,1,3500
758,608744,2100,45,37,1,89000
759,608744,2100,38,38,2,0
760,608744,2100,41,9,1,0
761,608744,2100,40,6,2,0
762,609430,2100,48,26,1,25200
763,609430,2100,65,26,2,0
764,609430,2100,44,0,2,0
765,609430,2100,141,65,1,0
766,609430,2100,65,52,2,0
767,610222,2100,59,18,1,0
768,610626,2100,115,55,2,17000
769,611979,2100,18,76,2,0
770,611979,2100,15,78,1,0
771,612063,2100,34,22,2,4000
772,612991,2100,135,46,1,102000
773,612991,2100,104,51,2,11100
774,612991,2100,196,14,1,0
775,612991,2100,195,12,1,0
776,613880,2100,125,36,2,10000
777,614376,2100,45,66,1,0
778,615071,2100,95,22,1,800
779,615375,2100,67,58,2,0
780,615441,2100,54,22,2,0
781,615441,2100,92,23,2,0
782,615830,2100,78,52,1,230000
783,615830,2100,57,49,2,12500
784,615830,2100,111,16,2,1200
785,619575,2100,291,63,1,0
786,619575,2100,110,63,2,3800
787,619848,2100,76,24,1,0
788,622511,2100,73,34,1,0
789,627512,2100,197,65,1,40000
790,627512,2100,224,48,2,75000
791,628816,2100,108,60,2,5300
792,628816,2100,94,60,1,0
793,628816,2100,129,32,1,7900
794,630212,2100,12,19,2,300
795,631088,2100,27,71,1,0
796,634731,2100,89,40,1,50000
797,635864,2100,4,21,1,12000
798,636523,2100,86,65,1,0
799,640090,2100,59,18,2,1500
800,643309,2100,145,58,1,0
801,644605,2100,24,52,1,74000
802,645045,2100,23,19,2,4000
803,646277,2100,28,53,2,17500
804,646277,2100,23,56,1,82000
805,646288,2100,153,19,1,0
806,651103,2100,37,32,1,18000
807,651103,2100,53,14,1,0
808,651103,2100,53,6,1,0
809,651103,2100,52,5,2,0
810,651103,2100,52,10,2,0
811,651103,2100,41,29,2,0
812,652483,2100,181,26,2,2000
813,658269,2100,14,52,2,9000
814,658269,2100,11,48,1,50000
815,658269,2100,13,11,2,0
816,660346,2100,81,35,2,0
817,660346,2100,91,36,1,60000
818,660346,2100,85,5,1,0
819,660346,2100,59,2,2,0
820,660432,2100,13,19,1,4500
821,660577,2100,72,63,1,75000
822,660577,2100,76,59,2,125000
823,661565,2100,87,21,2,680
824,661565,2100,113,21,2,0
825,661565,2100,172,21,1,3000
826,662110,2100,162,76,2,0
827,663702,2100,58,19,1,0
828,664681,2100,83,22,1,200
829,664681,2100,139,25,1,22000
830,665055,2100,71,19,2,0
831,666715,2100,69,18,1,3500
832,668001,2100,117,40,2,64000
833,668001,2100,149,17,2,0
834,668001,2100,149,15,2,0
835,668001,2100,149,14,2,0
836,668923,2100,12,89,2,0
837,669238,2100,84,18,2,0
838,670275,2100,69,25,1,20000
839,670275,2100,58,25,2,1200
840,670723,2100,144,49,1,161000
841,670723,2100,111,48,2,94000
842,670723,2100,127,18,2,0
843,670723,2100,209,14,1,0
844,672269,2100,113,64,1,0
845,672269,2100,66,51,2,27000
846,672269,2100,55,23,1,25000
847,672269,2100,93,16,2,180
848,673564,2100,64,66,1,5500
849,673564,2100,64,61,2,9000
850,676249,2100,18,86,2,0
851,677684,2100,75,60,1,28000
852,677684,2100,80,60,2,36000
853,679484,2100,409,57,1,0
854,680086,2100,149,57,2,24000
855,680312,2100,18,61,1,23300
856,680312,2100,20,58,2,17600
857,681611,2100,125,42,1,0
858,681611,2100,282,14,2,0
859,683024,2100,27,83,2,0
860,683024,2100,43,49,1,18200
861,684221,2100,111,21,2,5000
862,684474,2100,75,57,2,43000
863,684474,2100,111,51,1,0
864,684474,2100,101,84,1,0
865,685967,2100,27,81,2,0
866,686327,2100,15,46,2,60000
867,686327,2100,13,42,1,60000
868,686327,2100,12,16,1,0
869,686327,2100,12,14,2,0
870,688412,2100,167,36,1,32000
871,688412,2100,145,33,2,23000
872,689929,2100,27,71,1,0
873,689929,2100,21,69,2,0
874,691092,2100,75,18,1,0
875,692246,2100,61,79,1,0
876,692246,2100,61,74,2,0
877,692530,2100,66,71,1,0
878,692530,2100,54,71,2,0
879,694272,2100,33,22,2,0
880,694272,2100,81,25,1,29000
881,694272,2100,31,22,2,0
882,696132,2100,27,51,2,13600
883,696132,2100,24,46,1,0
884,696446,2100,52,46,2,34000
885,696446,2100,38,17,2,1500
886,696446,2100,44,14,1,0
887,699417,2100,144,89,2,0
888,700807,2100,18,88,2,0
889,701988,2100,16,77,1,40000
890,701988,2100,17,76,2,0
891,703749,2100,37,25,2,46200
892,703796,2100,69,59,1,20000
893,704643,2100,162,65,1,0
894,704643,2100,161,58,2,71000
895,705012,2100,57,18,1,0
896,706921,2100,91,18,2,6400
897,707866,2100,142,18,1,2500
898,709398,2100,111,25,2,79000
899,711818,2100,21,67,2,41000
900,711818,2100,40,29,1,0
901,712309,2100,67,76,1,18800
902,712309,2100,68,71,2,0
903,712352,2100,102,26,1,8500
904,712352,2100,85,26,2,30000
905,713342,2100,111,50,2,120000
906,713342,2100,100,49,1,40000
907,713342,2100,178,23,1,4000
908,713342,2100,157,21,2,1800
909,719022,2100,73,19,1,0
910,721765,2100,11,19,1,3500
911,722293,2100,59,19,2,1500
912,722943,2100,154,46,2,42000
913,722943,2100,125,48,1,65000
914,722943,2100,213,18,2,0
915,722943,2100,112,15,1,0
916,725451,2100,140,37,2,44000
917,727405,2100,174,21,1,1400
918,728243,2100,77,47,1,48000
919,728243,2100,74,36,2,68000
920,728243,2100,80,11,1,0
921,728243,2100,80,8,1,0
922,728243,2100,73,2,1,0
923,729296,2100,129,19,2,3000
924,731932,2100,134,34,2,0
925,731932,2100,136,8,1,0
926,731932,2100,93,4,2,0
927,733257,2100,59,76,1,0
928,733257,2100,61,72,2,0
929,733622,2100,32,73,1,0
930,733622,2100,26,71,2,0
931,738735,2100,36,23,1,20000
932,738735,2100,62,23,1,30000
933,739990,2100,42,56,2,3000
934,739990,2100,35,54,1,0
935,740321,2100,112,86,2,0
936,742056,2100,52,26,2,71000
937,742056,2100,45,33,1,24000
938,744597,2100,20,27,1,52000
939,744597,2100,20,7,1,0
940,744597,2100,20,6,1,0
941,745045,2100,377,57,2,25000
942,745045,2100,915,62,1,87000
943,746694,2100,71,30,2,9000
944,748022,2100,20,35,1,1800
945,748022,2100,17,34,2,16800
946,748690,2100,122,75,1,0
947,748690,2100,124,73,2,0
948,749947,2100,14,40,1,72000
949,749947,2100,13,36,1,0
950,750415,2100,225,55,1,20000
951,750415,2100,246,50,2,90000
952,751289,2100,315,38,2,41000
953,751289,2100,551,20,1,10000
954,751289,2100,529,18,2,3500
955,751920,2100,69,72,2,0
956,752765,2100,21,72,2,0
957,752765,2100,20,77,1,0
958,753195,2100,42,18,1,0
959,753920,2100,81,69,2,11300
960,753920,2100,131,94,1,0
961,753937,2100,64,69,2,38000
962,755117,2100,75,86,2,0
963,755997,2100,202,26,1,30000
964,756816,2100,107,29,2,48600
965,756816,2100,120,29,1,54000
966,756816,2100,120,1,1,0
967,757912,2100,100,55,1,34000
968,758519,2100,80,22,1,3000
969,758519,2100,136,22,1,0
970,758519,2100,137,21,1,10000
971,758519,2100,136,21,1,0
972,758861,2100,121,40,1,116000
973,758861,2100,103,38,2,60000
974,758861,2100,111,10,2,0
975,758861,2100,111,8,2,0
976,759301,2100,13,20,2,2000
977,760764,2100,146,44,1,145000
978,761635,2100,128,59,1,32000
979,761635,2100,141,57,2,29000
980,763845,2100,64,27,2,4000
981,763845,2100,81,7,1,0
982,763845,2100,75,3,1,0
983,763845,2100,74,0,1,0
984,763845,2100,55,33,1,9500
985,764151,2100,155,43,1,9600
986,764151,2100,136,34,2,41000
987,764449,2100,151,74,1,0
988,764449,2100,123,73,2,4000
989,765007,2100,155,57,2,78000
990,765007,2100,132,56,1,88000
991,765474,2100,229,41,2,20000
992,765474,2100,385,18,2,900
993,765474,2100,209,15,2,0
994,765474,2100,165,0,2,0
995,768207,2100,131,34,2,0
996,768207,2100,89,34,1,29000
997,768207,2100,118,4,1,0
998,768207,2100,88,1,2,0
999,768509,2100,171,19,2,0
1000,768509,2100,295,19,2,0
1001,768509,2100,295,19,2,0
1002,769633,2100,149,19,2,0
1003,769668,2100,99,29,2,20000
1004,769668,2100,159,8,1,0
1005,770475,2100,115,28,2,6300
1006,770475,2100,301,11,2,0
1007,770475,2100,301,9,2,0
1008,770475,2100,209,7,1,0
1009,770475,2100,209,7,1,0
1010,770475,2100,233,2,1,0
1011,772064,2100,568,54,2,39000
1012,772064,2100,477,25,2,24000
1013,772064,2100,734,9,2,0
1014,773779,2100,21,18,2,3600
1015,773978,2100,69,29,2,30000
1016,773978,2100,80,3,1,0
1017,775378,2100,23,46,2,0
1018,775378,2100,19,11,1,0
1019,776522,2100,24,37,2,46400
1020,776522,2100,27,37,1,78000
1021,776522,2100,46,35,1,0
1022,777269,2100,68,19,1,0
1023,777539,2100,61,21,1,0
1024,778215,2100,124,73,2,0
1025,778215,2100,112,81,1,0
1026,785594,2100,48,27,2,60000
1027,785594,2100,53,28,1,32000
1028,785594,2100,59,6,1,0
1029,785594,2100,53,2,1,0
1030,785668,2100,12,60,1,10600
1031,785668,2100,14,60,2,95000
1032,788967,2100,62,21,2,10000
1033,789433,2100,208,20,2,600
1034,789433,2100,358,20,2,1500
1035,789433,2100,358,20,2,1000
1036,789472,2100,331,22,1,0
1037,789472,2100,573,22,1,6000
1038,792609,2100,162,55,2,5000
1039,792628,2100,58,18,2,4000
1040,793035,2100,106,81,2,0
1041,793530,2100,108,64,1,125000
1042,793530,2100,117,63,2,30600
1043,794179,2100,148,35,1,38500
1044,795387,2100,80,62,2,2e+05
1045,796227,2100,23,79,1,0
1046,796227,2100,29,79,2,0
1047,796614,2100,115,56,1,2e+05
1048,796614,2100,110,16,2,300
1049,796614,2100,126,14,1,0
1050,796813,2100,157,38,1,70000
1051,796813,2100,139,31,2,70000
1052,798385,2100,75,94,2,0
1053,798879,2100,59,19,1,0
1054,800786,2100,63,65,2,0
1055,801392,2100,22,60,1,41000
1056,801392,2100,24,58,2,33000
1057,801569,2100,92,45,2,0
1058,801569,2100,75,45,1,45000
1059,801569,2100,78,12,2,0
1060,801569,2100,80,9,1,0
1061,802008,2100,26,81,2,0
1062,802008,2100,27,7,2,0
1063,803400,2100,112,20,1,0
1064,804905,2100,130,60,2,30000
1065,805196,2100,137,71,2,0
1066,808557,2100,68,19,1,0
1067,809474,2100,24,62,1,17000
1068,811623,2100,70,26,1,20000
1069,815740,2100,103,21,1,0
1070,816527,2100,22,20,2,0
1071,817574,2100,348,25,1,45000
1072,817574,2100,255,26,2,35000
1073,817574,2100,305,9,2,0
1074,817574,2100,307,8,2,0
1075,817574,2100,822,6,1,0
1076,818440,2100,239,24,2,0
1077,819070,2100,77,18,2,1500
1078,822692,2100,118,65,2,0
1079,823936,2100,40,72,2,0
1080,825619,2100,80,40,1,44000
1081,825619,2100,69,40,2,33000
1082,825619,2100,72,14,2,0
1083,825619,2100,72,11,2,0
1084,825652,2100,131,59,2,23000
1085,825652,2100,113,59,1,22000
1086,825652,2100,238,37,1,60000
1087,827091,2100,11,39,1,0
1088,831390,2100,175,34,1,29000
1089,831956,2100,73,61,1,40000
1090,832037,2100,156,52,2,0
1091,832037,2100,140,48,1,49600
1092,832037,2100,129,16,2,0
1093,832805,2100,22,74,2,0
1094,833042,2100,24,49,1,58000
1095,833042,2100,29,47,2,24700
1096,834971,2100,224,23,2,0
1097,834971,2100,176,33,1,24000
1098,834971,2100,255,6,2,0
1099,834971,2100,255,5,2,0
1100,834971,2100,177,3,2,0
1101,834971,2100,177,3,2,0
1102,835774,2100,44,88,2,0
1103,836890,2100,88,46,2,26000
1104,836890,2100,74,46,1,61000
1105,836890,2100,47,16,2,0
1106,836890,2100,148,12,1,0
1107,836890,2100,52,2,2,0
1108,839179,2100,70,55,2,0
1109,839179,2100,172,70,1,0
1110,842078,2100,24,38,2,25000
1111,842078,2100,18,1,2,0
1112,842078,2100,17,34,1,20000
1113,843903,2100,163,49,2,38000
1114,843903,2100,124,58,1,104000
1115,843903,2100,94,18,1,1500
1116,843903,2100,120,15,2,0
1117,843903,2100,139,13,1,0
1118,844225,2100,11,74,2,0
1119,844225,2100,20,50,1,14400
1120,844575,2100,61,75,1,0
1121,844575,2100,75,75,2,0
1122,845022,2100,52,18,1,400
1123,847951,2100,80,71,1,0
1124,847951,2100,137,48,1,0
1125,849589,2100,118,44,2,45000
1126,849589,2100,214,11,2,0
1127,849589,2100,159,43,1,160000
1128,850942,2100,14,64,2,0
1129,850942,2100,23,56,2,13200
1130,850942,2100,21,32,2,0
1131,850942,2100,13,8,2,0
1132,851814,2100,112,65,2,0
1133,853416,2100,74,19,2,1000
1134,856046,2100,106,18,2,1500
1135,856902,2100,45,19,2,0
1136,856902,2100,79,20,2,0
1137,856902,2100,79,20,2,0
1138,856902,2100,80,20,2,0
1139,863975,2100,144,43,2,18000
1140,863975,2100,204,25,2,500
1141,863975,2100,166,23,2,0
1142,863975,2100,273,7,2,0
1143,863975,2100,148,6,2,0
1144,863975,2100,104,1,2,0
1145,866695,2100,89,19,2,0
1146,868013,2100,59,18,1,350
1147,869348,2100,78,19,1,0
1148,870532,2100,9,27,2,29000
1149,870532,2100,11,27,1,29000
1150,870532,2100,8,4,2,0
1151,870532,2100,8,1,2,0
1152,871496,2100,283,20,2,2600
1153,871496,2100,491,20,2,8200
1154,871956,2100,58,49,2,1000
1155,871956,2100,49,54,1,65000
1156,871956,2100,97,13,1,0
1157,875885,2100,79,88,2,0
1158,876031,2100,39,18,1,2500
1159,876963,2100,167,52,2,81000
1160,876963,2100,259,28,1,7200
1161,877990,2100,104,39,2,150000
1162,877990,2100,113,36,1,60000
1163,877990,2100,97,3,1,0
1164,877990,2100,96,2,1,0
1165,878645,2100,117,21,2,26000
1166,878645,2100,126,20,1,20000
1167,879004,2100,25,22,1,22500
1168,879211,2100,146,58,1,71000
1169,881174,2100,125,36,1,95000
1170,881174,2100,172,33,2,10000
1171,881174,2100,282,6,2,0
1172,882137,2100,166,36,1,30000
1173,887101,2100,97,34,1,32400
1174,887905,2100,216,54,1,42000
1175,887905,2100,418,24,1,9600
1176,887905,2100,884,19,1,0
1177,887905,2100,314,14,1,0
1178,888176,2100,12,67,1,24000
1179,888176,2100,11,66,2,0
1180,888393,2100,173,32,1,25000
1181,888393,2100,128,27,2,30000
1182,889066,2100,48,47,2,44000
1183,889066,2100,63,21,2,19000
1184,893560,2100,133,55,2,0
1185,893560,2100,112,64,1,93000
1186,893667,2100,82,55,1,50000
1187,893667,2100,89,50,2,1200
1188,893667,2100,88,12,2,0
1189,893838,2100,141,57,2,0
1190,893838,2100,137,61,1,23000
1191,895013,2100,32,37,2,14000
1192,895013,2100,12,15,2,0
1193,895013,2100,15,13,2,0
1194,897510,2100,104,20,2,0
1195,897510,2100,178,21,2,0
1196,897510,2100,179,21,2,0
1197,897510,2100,179,21,2,0
1198,898814,2100,159,62,1,22000
1199,898814,2100,236,53,2,19000
1200,898814,2100,219,20,1,11000
1201,899533,2100,21,53,2,11100
1202,902592,2100,91,19,2,2200
1203,902962,2100,136,66,1,28700
1204,902962,2100,128,60,2,28000
1205,903929,2100,27,36,1,65000
1206,903929,2100,26,37,2,14000
1207,903929,2100,27,10,1,0
1208,903929,2100,27,8,1,0
1209,903929,2100,27,6,1,0
1210,903929,2100,18,2,2,0
1211,904173,2100,40,18,2,700
1212,906069,2100,83,22,1,3000
1213,906069,2100,144,21,1,2500
1214,906756,2100,13,83,2,0
1215,907273,2100,34,18,2,500
1216,909716,2100,184,27,2,35900
1217,911674,2100,238,22,1,0
1218,913677,2100,105,87,1,0
1219,913887,2100,163,37,1,85000
1220,913887,2100,139,37,2,70000
1221,913887,2100,148,7,2,0
1222,914072,2100,82,85,2,0
1223,914522,2100,75,23,2,0
1224,915497,2100,27,72,1,0
1225,917207,2100,44,18,1,2000
1226,918566,2100,101,80,1,0
1227,918566,2100,220,77,2,0
1228,918642,2100,16,36,2,46400
1229,918642,2100,18,36,1,0
1230,920094,2100,25,20,1,0
1231,920462,2100,88,44,2,84000
1232,921408,2100,110,67,2,0
1233,921408,2100,125,68,1,0
1234,922290,2100,171,51,2,59000
1235,923497,2100,118,29,1,24000
1236,923497,2100,154,30,1,0
1237,923497,2100,297,27,2,35000
1238,927634,2100,136,84,1,17500
1239,929085,2100,53,26,1,0
1240,929271,2100,84,40,1,40000
1241,929271,2100,66,16,2,0
1242,929271,2100,74,7,2,0
1243,929271,2100,53,4,2,0
1244,929271,2100,63,24,2,0
1245,929452,2100,109,20,2,3000
1246,929452,2100,190,20,2,3000
1247,930635,2100,24,58,1,0
1248,930635,2100,26,62,2,140000
1249,931389,2100,76,50,1,184000
1250,931389,2100,97,49,2,120000
1251,931902,2100,235,49,1,20000
1252,931902,2100,396,47,2,57000
1253,931902,2100,340,25,2,16000
1254,932095,2100,160,61,1,0
1255,932095,2100,61,61,2,28000
1256,933641,2100,15,21,2,2000
1257,935567,2100,26,41,2,8000
1258,935567,2100,27,10,1,0
1259,935567,2100,26,9,2,0
1260,936542,2100,32,19,1,10000
1261,936542,2100,55,19,1,9000
1262,936542,2100,54,19,1,20000
1263,937063,2100,142,40,1,36000
1264,937063,2100,213,44,2,39000
1265,937063,2100,88,16,2,0
1266,937063,2100,195,20,1,11500
1267,938831,2100,19,23,2,12000
1268,938831,2100,21,26,1,35000
1269,941607,2100,79,28,2,43000
1270,943082,2100,87,19,2,1000
1271,945058,2100,20,73,1,0
1272,945058,2100,16,69,2,0
1273,946389,2100,706,21,1,0
1274,946389,2100,482,47,1,32000
1275,946389,2100,843,40,2,0
1276,947363,2100,137,18,2,1500
1277,947792,2100,114,77,1,0
1278,947792,2100,117,73,2,33300
1279,948760,2100,31,60,1,42000
1280,948760,2100,32,57,2,14500
1281,948936,2100,84,61,1,49000
1282,948936,2100,88,63,2,0
1283,951216,2100,19,30,2,40000
1284,951216,2100,14,33,1,51000
1285,951216,2100,16,4,1,0
1286,951216,2100,14,0,2,0
1287,951730,2100,139,53,1,10000
1288,951730,2100,105,41,2,23000
1289,951730,2100,196,17,1,0
1290,951730,2100,198,5,1,0
1291,951730,2100,187,38,2,22000
1292,952327,2100,87,35,1,24400
1293,952327,2100,115,28,1,24400
1294,952790,2100,10,19,1,2700
1295,954121,2100,71,21,1,1400
1296,954121,2100,199,47,2,4200
1297,955144,2100,78,19,2,1500
1298,957037,2100,146,73,2,0
1299,958021,2100,72,20,2,1500
1300,959828,2100,70,22,2,7900
1301,959860,2100,26,60,1,0
1302,959860,2100,23,66,2,0
1303,960593,2100,16,59,1,0
1304,960593,2100,18,62,2,0
1305,960593,2100,31,32,2,31400
1306,960593,2100,18,9,1,0
1307,962295,2100,79,26,1,1000
1308,962295,2100,64,25,2,40000
1309,962705,2100,28,63,2,0
1310,963585,2100,75,69,1,2000
1311,963585,2100,62,71,2,0
1312,964463,2100,13,43,2,34200
1313,964463,2100,12,49,1,34700
1314,964463,2100,10,16,2,0
1315,965867,2100,58,86,1,0
1316,965867,2100,69,75,2,0
1317,968568,2100,27,40,2,42000
1318,968568,2100,27,42,1,60000
1319,968568,2100,26,13,2,0
1320,968568,2100,26,9,2,0
1321,968568,2100,26,5,2,0
1322,969605,2100,64,22,1,1200
1323,970131,2100,81,28,1,42000
1324,970131,2100,66,28,2,21300
1325,970311,2100,42,69,1,15000
1326,973111,2100,93,22,1,1200
1327,973740,2100,167,68,1,1e+05
1328,973740,2100,138,68,2,0
1329,976278,2100,53,22,1,6100
1330,976587,2100,38,19,2,3000
1331,976743,2100,126,54,1,36000
1332,976743,2100,145,50,2,0
1333,977857,2100,26,39,1,85000
1334,977857,2100,22,37,2,24000
1335,977857,2100,24,9,1,0
1336,977857,2100,14,16,1,700
1337,978820,2100,61,18,2,1200
1338,981120,2100,45,73,1,30000
1339,981120,2100,45,75,2,0
1340,984174,2100,75,67,1,0
1341,984174,2100,74,52,2,0
1342,984867,2100,15,68,1,0
1343,984867,2100,13,68,2,0
1344,986590,2100,34,18,2,3600
1345,987788,2100,74,19,1,0
1346,990180,2100,125,65,1,0
1347,990805,2100,74,61,2,70000
1348,994584,2100,89,27,1,12000
1349,994584,2100,153,29,1,20000
1350,995254,2100,110,31,1,28000
1351,996103,2100,159,54,1,34000
1352,996103,2100,122,52,2,40000
1353,998777,2100,68,19,2,7000
1354,1000687,2100,107,18,2,0
1355,1000765,2100,95,20,2,3000
1356,1000765,2100,165,21,2,3000
1357,1000765,2100,165,21,2,0
1358,1000765,2100,164,20,2,0
1359,1001847,2100,119,19,1,0
1360,1003172,2100,88,18,1,1600
1361,1005974,2100,26,19,2,3000
1362,1009835,2100,164,61,2,80000
1363,1009835,2100,142,56,1,0
1364,1010086,2100,143,21,1,3000
1365,1010086,2100,522,21,1,0
1366,1010086,2100,249,21,1,0
1367,1010466,2100,21,77,1,1000
1368,1010466,2100,27,77,2,0
1369,1013275,2100,21,28,2,39000
1370,1013275,2100,19,33,1,50000
1371,1013275,2100,26,2,1,0
1372,1013275,2100,26,1,1,0
1373,1014146,2100,94,48,1,42000
1374,1014146,2100,75,49,1,0
1375,1014658,2100,41,67,1,0
1376,1014658,2100,40,64,2,22000
1377,1015901,2100,51,29,1,40000
1378,1015901,2100,66,27,2,50000
1379,1016105,2100,46,21,2,2500
1380,1016199,2100,81,64,1,82000
1381,1016461,2100,12,42,1,79000
1382,1016461,2100,12,34,2,76000
1383,1016461,2100,10,16,1,500
1384,1016461,2100,12,11,2,0
1385,1017922,2100,139,54,1,35000
1386,1018111,2100,19,32,1,45000
1387,1018111,2100,27,5,1,0
1388,1022624,2100,87,18,1,2000
1389,1024576,2100,37,66,2,70000
1390,1025486,2100,209,52,1,48000
1391,1026548,2100,9,34,1,0
1392,1029584,2100,58,18,1,500
1393,1031493,2100,38,57,2,31000
1394,1031493,2100,40,44,1,0
1395,1031521,2100,24,53,1,39700
1396,1036690,2100,12,61,1,42000
1397,1037358,2100,107,68,2,8200
1398,1039498,2100,27,78,2,0
1399,1042598,2100,12,19,2,5000
1400,1043937,2100,20,56,1,28000
1401,1043937,2100,20,57,2,36000
1402,1045900,2100,435,22,1,15000
1403,1047027,2100,25,52,2,0
1404,1047027,2100,25,51,2,250000
1405,1047027,2100,31,26,2,115000
1406,1047240,2100,130,19,1,1300
1407,1047626,2100,286,34,2,17000
1408,1047626,2100,415,34,1,11000
1409,1047703,2100,120,65,2,55000
1410,1047703,2100,124,63,1,60000
1411,1047703,2100,262,35,1,1200
1412,1048671,2100,78,48,1,77000
1413,1053912,2100,129,61,2,17700
1414,1053912,2100,206,38,2,0
1415,1053912,2100,171,27,2,25000
1416,1053912,2100,186,20,2,2000
1417,1053912,2100,157,12,1,0
1418,1053912,2100,229,8,2,0
1419,1053912,2100,120,45,1,22000
1420,1054335,2100,40,23,1,3300
1421,1054335,2100,146,25,1,40000
1422,1054402,2100,99,33,1,0
1423,1054402,2100,135,34,2,15000
1424,1054402,2100,137,6,2,0
1425,1055016,2100,101,25,2,0
1426,1056362,2100,155,67,1,35000
1427,1056362,2100,125,67,2,35000
1428,1057417,2100,141,25,1,18000
1429,1057417,2100,244,26,1,36000
1430,1057417,2100,167,25,2,15000
1431,1057417,2100,209,25,2,55000
1432,1060248,2100,39,30,1,0
1433,1060248,2100,81,28,2,0
1434,1062759,2100,116,59,1,50000
1435,1062759,2100,127,60,2,400
1436,1064824,2100,109,27,2,29000
1437,1064824,2100,130,45,1,0
1438,1064824,2100,125,0,1,0
1439,1067350,2100,78,38,1,27000
1440,1067350,2100,65,39,2,48000
1441,1067350,2100,70,9,2,0
1442,1067350,2100,71,6,1,0
1443,1067350,2100,65,3,1,0
1444,1068108,2100,17,56,1,33600
1445,1068108,2100,19,50,2,36900
1446,1068356,2100,60,18,1,0
1447,1069540,2100,62,81,1,0
1448,1069991,2100,9,21,1,12000
1449,1071078,2100,75,68,2,0
1450,1071078,2100,88,73,1,0
1451,1072350,2100,89,20,2,1500
1452,1076212,2100,81,64,1,98000
1453,1076212,2100,88,62,2,99000
1454,1078478,2100,71,32,2,0
1455,1078478,2100,135,12,2,0
1456,1078747,2100,179,34,2,52000
1457,1078747,2100,292,14,2,0
1458,1080242,2100,119,21,1,0
1459,1080597,2100,99,28,2,30000
1460,1083761,2100,246,67,1,0
1461,1084674,2100,43,19,1,2000
1462,1084710,2100,21,73,2,0
1463,1084710,2100,26,74,1,0
1464,1085173,2100,48,24,1,3500
1465,1086848,2100,152,25,1,0
1466,1086848,2100,112,2,2,0
1467,1089088,2100,90,74,1,56000
1468,1089088,2100,75,65,2,0
1469,1093792,2100,156,55,2,69000
1470,1095716,2100,153,26,1,20000
1471,1095716,2100,173,35,1,50000
1472,1095985,2100,18,58,1,0
1473,1100132,2100,168,51,1,9000
1474,1100233,2100,70,20,2,4800
1475,1100233,2100,67,20,2,8000
1476,1101576,2100,3,18,1,1000
1477,1102309,2100,19,59,2,60000
1478,1102309,2100,18,59,1,25000
1479,1102309,2100,31,37,1,23000
1480,1104375,2100,79,36,2,4000
1481,1104375,2100,84,38,1,60000
1482,1104375,2100,81,12,2,0
1483,1104375,2100,81,9,2,0
1484,1104375,2100,80,7,2,0
1485,1104913,2100,141,50,2,15200
1486,1106677,2100,14,82,1,0
1487,1106982,2100,99,51,1,1e+05
1488,1106982,2100,76,42,2,37000
1489,1106982,2100,169,21,1,4200
1490,1106982,2100,169,19,2,0
1491,1109293,2100,14,33,1,40000
1492,1109610,2100,139,21,2,0
1493,1109628,2100,73,19,1,0
1494,1109804,2100,27,45,1,65000
1495,1110180,2100,84,53,2,0
1496,1110180,2100,77,48,1,0
1497,1110180,2100,137,73,1,0
1498,1110415,2100,86,41,2,80000
1499,1110415,2100,67,12,2,0
1500,1110415,2100,175,8,1,0
1501,1110415,2100,65,5,2,0
1502,1110415,2100,86,10,2,0
1503,1110415,2100,92,40,1,60000
1504,1111361,2100,210,27,2,15000
1505,1111671,2100,14,20,1,2700
1506,1112134,2100,98,32,1,52000
1507,1112134,2100,132,32,2,20000
1508,1112134,2100,124,1,1,0
1509,1113095,2100,29,18,1,3500
1510,1113154,2100,13,41,1,10000
1511,1113693,2100,337,23,2,0
1512,1113693,2100,581,22,2,0
1513,1113693,2100,583,21,2,0
1514,1113708,2100,114,53,2,8000
1515,1114519,2100,28,66,1,20000
1516,1114519,2100,23,65,2,28000
1517,1116719,2100,75,39,2,117000
1518,1116719,2100,83,37,1,1e+05
1519,1116719,2100,76,6,2,0
1520,1116719,2100,53,4,2,0
1521,1118240,2100,94,19,2,1000
1522,1121413,2100,149,76,2,0
1523,1121636,2100,38,21,1,10000
1524,1121647,2100,55,20,1,6000
1525,1121647,2100,94,20,1,10000
1526,1121647,2100,94,20,1,1000
1527,1121841,2100,71,60,1,91000
1528,1121841,2100,78,57,2,0
1529,1121841,2100,132,23,1,8700
1530,1121841,2100,130,20,1,0
1531,1123305,2100,133,43,1,16000
1532,1123305,2100,251,40,2,44000
1533,1125489,2100,143,40,1,140000
1534,1125489,2100,126,38,2,0
1535,1125489,2100,89,15,2,0
1536,1125489,2100,102,13,2,0
1537,1125489,2100,275,11,1,0
1538,1125818,2100,81,56,2,26000
1539,1125818,2100,68,55,1,1e+05
1540,1128344,2100,32,19,1,0
1541,1128344,2100,67,20,1,0
1542,1128344,2100,66,20,1,1000
1543,1128344,2100,67,19,1,0
1544,1128771,2100,24,53,2,52000
1545,1128771,2100,19,50,1,52000
1546,1128771,2100,36,18,2,8000
1547,1132285,2100,57,41,2,13500
1548,1132285,2100,121,21,1,3600
1549,1136449,2100,77,20,1,2700
1550,1139118,2100,46,62,2,0
1551,1139118,2100,42,64,1,0
1552,1142915,2100,22,52,1,0
1553,1143035,2100,108,46,2,39700
1554,1145852,2100,147,61,1,1e+05
1555,1145852,2100,158,59,2,65000
1556,1146559,2100,97,54,2,31000
1557,1146559,2100,63,19,1,26000
1558,1148290,2100,71,52,1,121000
1559,1148290,2100,83,53,2,0
1560,1148290,2100,120,23,2,27300
1561,1148290,2100,69,15,1,0
1562,1148290,2100,81,13,1,0
1563,1150274,2100,181,86,2,0
1564,1154687,2100,143,51,2,9000
1565,1154687,2100,122,59,1,0
1566,1154687,2100,92,18,1,0
1567,1155809,2100,102,28,2,8500
1568,1155809,2100,127,5,2,0
1569,1155809,2100,87,4,2,0
1570,1155809,2100,117,0,1,0
1571,1155968,2100,86,18,1,3000
1572,1158527,2100,112,22,2,0
1573,1158688,2100,140,76,2,0
1574,1158770,2100,154,35,1,64000
1575,1158770,2100,122,33,2,0
1576,1158770,2100,216,6,2,0
1577,1158770,2100,142,1,1,0
1578,1161145,2100,36,76,1,69000
1579,1161145,2100,38,74,2,0
1580,1164481,2100,123,66,2,0
1581,1164481,2100,140,68,1,4500
1582,1164481,2100,121,16,1,0
1583,1165693,2100,11,19,1,2500
1584,1167861,2100,89,94,2,0
1585,1168253,2100,135,56,1,60000
1586,1168253,2100,146,54,2,20000
1587,1168253,2100,216,23,2,8000
1588,1168253,2100,215,23,2,6000
1589,1168253,2100,385,4,2,0
1590,1170088,2100,14,29,2,27000
1591,1170088,2100,18,8,2,0
1592,1170088,2100,17,3,1,0
1593,1170088,2100,17,26,1,3000
1594,1172553,2100,77,76,2,0
1595,1172818,2100,75,56,2,60000
1596,1172818,2100,65,61,1,0
1597,1174637,2100,41,70,1,14000
1598,1174637,2100,34,67,2,0
1599,1179673,2100,40,25,2,0
1600,1181705,2100,107,22,2,7900
1601,1184081,2100,64,76,1,0
1602,1187095,2100,72,18,1,12500
1603,1190264,2100,50,22,2,1000
1604,1191161,2100,151,35,2,35000
1605,1192463,2100,36,85,1,0
1606,1195079,2100,125,86,2,0
1607,1197343,2100,102,37,2,26400
1608,1199172,2100,10,61,1,14000
1609,1199172,2100,12,58,2,35000
1610,1199653,2100,92,67,1,0
1611,1199653,2100,75,67,2,0
1612,1200298,2100,22,35,1,45000
1613,1200846,2100,19,73,1,0
1614,1200846,2100,15,74,2,0
1615,1203397,2100,152,33,2,139000
1616,1203397,2100,104,34,1,61000
1617,1203397,2100,105,2,2,0
1618,1203811,2100,99,17,1,0
1619,1205209,2100,12,60,1,23000
1620,1205209,2100,19,62,2,22000
1621,1205209,2100,23,34,2,0
1622,1205209,2100,38,78,1,0
1623,1205209,2100,17,13,2,0
1624,1206913,2100,76,19,1,5000
1625,1208187,2100,141,61,1,31200
1626,1208187,2100,126,67,2,18000
1627,1208187,2100,267,89,2,0
1628,1208302,2100,157,66,1,0
1629,1210668,2100,17,38,2,0
1630,1210668,2100,19,38,1,30000
1631,1210668,2100,18,5,1,0
1632,1210668,2100,17,2,1,0
1633,1210829,2100,105,25,1,0
1634,1213040,2100,23,53,1,50000
1635,1213040,2100,25,51,2,26000
1636,1213066,2100,126,33,2,0
1637,1213066,2100,87,33,1,75000
1638,1213066,2100,127,10,1,0
1639,1213066,2100,126,7,1,0
1640,1213066,2100,87,1,2,0
1641,1214014,2100,77,20,1,0
1642,1214014,2100,116,20,1,28000
1643,1214014,2100,55,18,1,850
1644,1214014,2100,54,18,1,500
1645,1215641,2100,134,52,2,0
1646,1215641,2100,107,52,1,125000
1647,1217311,2100,90,78,1,0
1648,1217747,2100,59,18,1,2000
1649,1217858,2100,14,37,1,48000
1650,1217858,2100,12,40,2,53000
1651,1217858,2100,14,11,2,0
1652,1217858,2100,13,8,1,0
1653,1223032,2100,93,39,1,50000
1654,1223032,2100,70,35,2,0
1655,1223032,2100,132,10,1,0
1656,1223032,2100,85,2,1,0
1657,1223688,2100,121,32,1,47500
1658,1225096,2100,190,65,2,0
1659,1225096,2100,389,70,1,27000
1660,1225211,2100,29,19,1,2000
1661,1227757,2100,58,18,2,100
1662,1228670,2100,27,16,1,0
1663,1229629,2100,34,21,2,2000
1664,1230272,2100,174,32,2,48300
1665,1231180,2100,168,60,2,48000
1666,1232608,2100,125,67,2,0
1667,1233329,2100,101,21,2,4000
1668,1234155,2100,140,18,1,0
1669,1234245,2100,89,47,1,35000
1670,1234245,2100,86,32,2,0
1671,1234245,2100,84,4,1,0
1672,1234245,2100,64,1,2,0
1673,1236496,2100,30,70,1,0
1674,1236496,2100,30,61,2,0
1675,1237056,2100,140,51,2,43000
1676,1237056,2100,227,24,1,0
1677,1237056,2100,227,21,1,20000
1678,1237800,2100,74,36,1,8000
1679,1237800,2100,60,34,2,0
1680,1237800,2100,104,11,1,0
1681,1237800,2100,104,6,1,0
1682,1238745,2100,27,63,2,1000
1683,1238745,2100,22,64,1,0
1684,1240899,2100,71,18,1,0
1685,1240899,2100,122,20,1,0
1686,1240899,2100,123,20,1,0
1687,1242648,2100,81,57,1,151000
1688,1242806,2100,12,62,1,0
1689,1242806,2100,12,63,2,30000
1690,1245250,2100,51,30,1,31000
1691,1245250,2100,76,30,2,0
1692,1245250,2100,33,4,2,0
1693,1245250,2100,45,2,1,0
1694,1245250,2100,31,1,2,0
1695,1246212,2100,79,83,2,0
1696,1246212,2100,60,83,1,0
1697,1247458,2100,103,77,1,0
1698,1247458,2100,195,51,1,0
1699,1247458,2100,244,42,1,48000
1700,1247458,2100,129,13,2,0
1701,1247458,2100,130,12,1,0
1702,1247458,2100,258,48,2,0
1703,1247458,2100,129,7,1,0
1704,1248355,2100,21,61,2,4000
1705,1248618,2100,89,33,1,150000
1706,1248618,2100,119,34,2,0
1707,1248618,2100,124,5,1,0
1708,1248618,2100,85,1,2,0
1709,1248939,2100,85,19,2,200
1710,1249561,2100,78,52,2,0
1711,1249561,2100,65,54,1,41100
1712,1249777,2100,128,27,1,47000
1713,1249777,2100,107,27,2,24000
1714,1250932,2100,110,69,2,0
1715,1250932,2100,58,26,2,19600
1716,1250932,2100,68,4,1,0
1717,1256935,2100,58,25,2,27000
1718,1258943,2100,110,48,2,28000
1719,1258943,2100,116,18,1,0
1720,1261353,2100,68,24,2,18000
1721,1261353,2100,119,21,2,16000
1722,1263661,2100,94,54,2,0
1723,1263661,2100,75,52,1,180000
1724,1266750,2100,161,64,2,0
1725,1266750,2100,264,47,1,30000
1726,1266819,2100,86,94,1,0
1727,1268166,2100,121,36,2,46000
1728,1268166,2100,74,8,2,0
1729,1268652,2100,68,53,1,90000
1730,1268910,2100,86,19,1,0
1731,1270722,2100,43,19,1,3000
1732,1273091,2100,135,22,1,24000
1733,1273091,2100,406,23,1,35000
1734,1273149,2100,420,59,1,0
1735,1273149,2100,455,58,2,40000
1736,1274203,2100,47,32,2,8000
1737,1274203,2100,32,33,1,165000
1738,1274203,2100,34,4,2,0
1739,1274203,2100,34,1,2,0
1740,1274954,2100,80,79,2,0
1741,1277001,2100,29,19,1,0
1742,1277463,2100,14,27,2,20000
1743,1277463,2100,17,29,1,35000
1744,1277463,2100,16,0,1,0
1745,1277889,2100,30,23,1,23000
1746,1277889,2100,24,21,2,10000
1747,1279463,2100,24,40,2,0
1748,1279463,2100,24,45,1,37000
1749,1279463,2100,33,11,1,0
1750,1279463,2100,33,8,1,0
1751,1279838,2100,10,89,1,0
1752,1279838,2100,13,85,2,0
1753,1280061,2100,74,60,1,62000
1754,1280061,2100,76,59,2,62000
1755,1280681,2100,28,60,2,30000
1756,1282753,2100,95,40,1,110000
1757,1282753,2100,84,34,2,67000
1758,1282753,2100,88,7,1,0
1759,1282753,2100,123,5,2,0
1760,1285918,2100,137,34,2,60000
1761,1285918,2100,137,13,1,0
1762,1285918,2100,137,11,1,0
1763,1285918,2100,144,38,1,33000
1764,1286190,2100,129,41,1,36000
1765,1286190,2100,92,12,2,0
1766,1286630,2100,120,18,2,1500
1767,1288875,2100,99,43,2,65000
1768,1288875,2100,135,41,1,85000
1769,1288875,2100,180,12,2,0
1770,1289257,2100,17,67,2,0
1771,1289626,2100,128,62,1,505000
1772,1289626,2100,138,57,2,27500
1773,1291155,2100,98,57,2,0
1774,1292655,2100,49,18,1,0
1775,1292661,2100,178,50,1,28400
1776,1293090,2100,105,18,2,1200
1777,1296392,2100,82,44,1,80000
1778,1296392,2100,83,45,2,0
1779,1296392,2100,63,15,1,0
1780,1296392,2100,74,13,2,0
1781,1296392,2100,74,10,1,0
1782,1296392,2100,74,7,1,0
1783,1296766,2100,84,62,1,0
1784,1296766,2100,90,62,2,0
1785,1296766,2100,152,34,2,50000
1786,1298736,2100,92,53,2,52000
1787,1301290,2100,30,38,1,37000
1788,1301290,2100,26,33,2,57000
1789,1301290,2100,26,5,2,0
1790,1304321,2100,111,52,1,150000
1791,1304321,2100,126,51,2,7700
1792,1304913,2100,28,53,2,41000
1793,1304913,2100,22,57,1,26000
1794,1306135,2100,9,54,1,24000
1795,1306135,2100,12,55,2,7500
1796,1306135,2100,22,38,2,0
1797,1307248,2100,18,55,1,32000
1798,1307248,2100,18,40,2,16000
1799,1309407,2100,83,21,1,27000
1800,1309407,2100,72,22,2,2800
1801,1309407,2100,58,0,2,0
1802,1310409,2100,13,19,1,1500
1803,1314018,2100,21,51,1,75000
1804,1314018,2100,22,51,2,33500
1805,1314018,2100,22,14,2,0
1806,1314018,2100,22,13,1,0
1807,1319080,2100,84,19,2,200
1808,1320709,2100,83,45,2,5000
1809,1320806,2100,29,55,2,0
1810,1320806,2100,25,64,1,0
1811,1320850,2100,155,47,1,143000
1812,1320850,2100,230,47,2,69000
1813,1320850,2100,96,16,1,0
1814,1320850,2100,295,12,1,0
1815,1320888,2100,49,72,1,0
1816,1320888,2100,40,66,2,0
1817,1322013,2100,14,41,1,45000
1818,1322013,2100,26,45,2,34000
1819,1323032,2100,261,40,1,10000
1820,1324864,2100,37,73,2,0
1821,1329167,2100,74,20,2,3000
1822,1329167,2100,124,22,1,2000
1823,1329250,2100,45,18,1,1400
1824,1330206,2100,79,22,1,1300
1825,1333693,2100,26,77,2,0
1826,1334122,2100,107,65,2,60000
1827,1334122,2100,126,12,1,0
1828,1334122,2100,187,65,2,0
1829,1334122,2100,240,39,1,11000
1830,1335754,2100,76,18,1,350
1831,1336211,2100,118,57,1,60000
1832,1336211,2100,118,39,2,6000
1833,1340207,2100,24,61,1,0
1834,1342092,2100,122,41,2,0
1835,1342092,2100,49,15,1,0
1836,1342092,2100,55,7,2,0
1837,1342092,2100,151,0,2,0
1838,1342092,2100,77,34,1,15600
1839,1343093,2100,75,18,1,0
1840,1345874,2100,37,82,2,0
1841,1348486,2100,213,40,1,0
1842,1348665,2100,71,38,2,60000
1843,1351595,2100,60,75,1,0
1844,1351595,2100,64,72,2,0
1845,1355269,2100,72,77,2,9000
1846,1358733,2100,26,20,2,5000
1847,1358977,2100,100,18,2,1000
1848,1361326,2100,73,21,1,0
1849,1361772,2100,70,18,1,0
1850,1362004,2100,20,42,1,91000
1851,1362004,2100,19,39,2,87000
1852,1362004,2100,16,16,1,0
1853,1362004,2100,18,11,2,0
1854,1362004,2100,20,9,2,0
1855,1362201,2100,12,32,1,43000
1856,1362201,2100,17,1,1,0
1857,1362201,2100,16,26,2,7000
1858,1362201,2100,20,7,1,0
1859,1369098,2100,130,58,2,36000
1860,1369098,2100,112,59,1,10700
1861,1369654,2100,97,16,2,0
1862,1370488,2100,50,38,1,20400
1863,1370488,2100,55,34,1,0
1864,1370534,2100,11,73,1,0
1865,1370534,2100,9,74,2,0
1866,1371133,2100,101,17,1,0
1867,1372728,2100,136,24,1,27000
1868,1374293,2100,58,18,2,0
1869,1375178,2100,94,41,1,78000
1870,1375892,2100,90,19,2,0
1871,1376268,2100,97,33,1,20000
1872,1376268,2100,119,30,2,0
1873,1377236,2100,18,48,2,0
1874,1377236,2100,18,50,1,22000
1875,1377236,2100,30,18,2,0
1876,1379935,2100,16,64,1,0
1877,1379935,2100,20,58,2,0
1878,1382112,2100,13,25,2,0
1879,1382430,2100,50,21,2,0
1880,1383540,2100,94,18,1,3000
1881,1384665,2100,23,72,2,0
1882,1386270,2100,81,59,1,24000
1883,1386270,2100,90,60,2,0
1884,1387845,2100,113,53,1,50000
1885,1387845,2100,127,55,2,40000
1886,1387845,2100,211,20,1,4000
1887,1387845,2100,86,19,1,3000
1888,1392925,2100,196,22,1,2000
1889,1393494,2100,19,30,1,60000
1890,1393626,2100,49,68,2,70000
1891,1399638,2100,125,58,1,49500
1892,1401315,2100,75,56,2,51000
1893,1401315,2100,74,56,2,41000
1894,1401930,2100,60,31,1,23000
1895,1402212,2100,67,40,1,3300
1896,1402212,2100,92,32,2,2100
1897,1402212,2100,107,11,1,0
1898,1402212,2100,107,10,1,0
1899,1402212,2100,220,2,2,0
1900,1402357,2100,65,18,1,1500
1901,1403158,2100,61,55,2,9600
1902,1403158,2100,86,19,2,6700
1903,1403158,2100,98,14,1,0
1904,1403158,2100,142,12,2,0
1905,1403158,2100,142,10,2,0
1906,1405227,2100,48,33,2,0
1907,1406928,2100,119,17,1,0
1908,1408085,2100,50,19,1,0
1909,1411706,2100,16,65,2,13700
1910,1413249,2100,131,46,2,10000
1911,1413249,2100,96,51,1,114000
1912,1413249,2100,95,15,1,0
1913,1414789,2100,115,32,1,75000
1914,1414789,2100,153,37,2,0
1915,1414789,2100,160,6,2,0
1916,1414789,2100,148,2,1,0
1917,1415740,2100,169,42,1,60000
1918,1415740,2100,144,41,2,40000
1919,1415740,2100,129,15,1,0
1920,1415740,2100,153,13,1,0
1921,1415740,2100,151,5,2,0
1922,1417796,2100,23,23,2,30000
1923,1417796,2100,24,26,1,20000
1924,1419413,2100,52,19,1,2500
1925,1423822,2100,144,36,2,61000
1926,1423822,2100,150,5,1,0
1927,1423822,2100,103,3,2,0
1928,1427676,2100,348,50,2,75000
1929,1427676,2100,192,38,1,0
1930,1429443,2100,139,44,2,32000
1931,1429443,2100,154,38,1,12000
1932,1431302,2100,68,63,2,0
1933,1431302,2100,65,66,1,0
1934,1431834,2100,40,22,1,200
1935,1432941,2100,112,52,1,113000
1936,1432941,2100,128,52,2,8000
1937,1432941,2100,89,19,1,4500
1938,1432941,2100,110,15,1,0
1939,1432941,2100,129,11,1,0
1940,1437957,2100,110,61,1,0
1941,1437957,2100,90,61,2,14400
1942,1446852,2100,85,39,1,0
1943,1447738,2100,20,53,2,0
1944,1447738,2100,16,62,1,69000
1945,1451963,2100,27,75,2,0
1946,1452700,2100,21,36,1,30000
1947,1452700,2100,24,28,2,22000
1948,1452701,2100,12,32,2,0
1949,1452701,2100,13,14,1,0
1950,1452701,2100,14,8,2,0
1951,1452701,2100,26,1,2,0
1952,1452913,2100,229,30,2,45000
1953,1452913,2100,252,10,1,0
1954,1452913,2100,255,9,1,0
1955,1452913,2100,283,4,1,0
1956,1455072,2100,108,26,2,40000
1957,1456127,2100,41,63,1,15200
1958,1456127,2100,44,63,2,32000
1959,1456127,2100,57,31,1,42000
1960,1456150,2100,124,40,2,28000
1961,1456150,2100,89,18,1,1000
1962,1456150,2100,113,15,2,0
1963,1456150,2100,129,5,2,0
1964,1458465,2100,79,89,1,0
1965,1462360,2100,170,45,2,58000
1966,1462360,2100,187,12,1,0
1967,1462770,2100,94,81,2,0
1968,1464565,2100,93,18,1,0
1969,1467981,2100,25,60,1,62000
1970,1467981,2100,28,60,2,43000
1971,1467982,2100,141,73,2,4400
1972,1468236,2100,48,21,2,0
1973,1468261,2100,101,32,1,0
1974,1468261,2100,251,33,2,0
1975,1469032,2100,20,32,2,49000
1976,1469032,2100,22,36,1,60000
1977,1469082,2100,92,34,2,0
1978,1469082,2100,100,10,1,0
1979,1469082,2100,215,3,2,0
1980,1469082,2100,216,2,2,0
1981,1469909,2100,128,31,2,36600
1982,1469909,2100,134,39,1,37000
1983,1473583,2100,133,69,1,0
1984,1476211,2100,161,62,1,150000
1985,1476211,2100,72,54,2,0
1986,1479693,2100,78,19,2,1200
1987,1480172,2100,28,44,2,32000
1988,1480172,2100,31,42,1,75000
1989,1480172,2100,25,17,2,1000
1990,1480172,2100,29,13,2,0
1991,1480172,2100,29,10,1,0
1992,1481111,2100,16,21,1,2000
1993,1481346,2100,49,19,2,0
1994,1481700,2100,66,19,2,0
1995,1483033,2100,65,68,2,0
1996,1483033,2100,74,70,1,0
1997,1484065,2100,83,21,2,14400
1998,1484065,2100,153,26,1,12000
1999,1484065,2100,161,23,1,11000
2000,1484508,2100,12,78,2,0
2001,1485696,2100,30,65,1,0
2002,1488185,2100,52,18,2,0
2003,1488981,2100,134,63,1,0
2004,1489498,2100,52,58,2,0
2005,1489498,2100,47,67,1,75000
2006,1489498,2100,79,27,1,0
2007,1489498,2100,67,84,1,0
2008,1489922,2100,68,32,1,61000
2009,1489922,2100,94,31,2,35700
2010,1490555,2100,61,19,1,0
2011,1492979,2100,137,25,1,25000
2012,1493101,2100,248,28,1,17000
2013,1493697,2100,13,20,1,2500
2014,1494248,2100,295,77,2,0
2015,1495085,2100,132,20,2,13000
2016,1495085,2100,545,1,2,0
2017,1495085,2100,409,20,1,15000
2018,1498372,2100,93,31,2,50000
2019,1498372,2100,100,35,1,40000
2020,1498372,2100,65,0,2,0
2021,1498372,2100,94,13,1,0
2022,1499345,2100,79,62,2,58000
2023,1499345,2100,69,57,1,1900
2024,1499345,2100,126,23,1,0
2025,1499345,2100,128,21,1,1300
2026,1500017,2100,22,18,2,0
2027,1501884,2100,73,20,2,730
2028,1502124,2100,22,80,1,0
2029,1502124,2100,26,80,2,0
2030,1502124,2100,46,57,2,30000
2031,1502124,2100,42,56,1,0
2032,1504171,2100,78,22,1,800
2033,1505191,2100,104,77,1,0
2034,1505191,2100,127,76,2,6800
2035,1507026,2100,73,18,2,2000
2036,1507326,2100,228,56,2,90000
2037,1507326,2100,197,55,1,60000
2038,1509111,2100,362,60,2,0
2039,1511162,2100,187,46,2,7100
2040,1511432,2100,57,46,1,85000
2041,1511432,2100,55,42,2,30000
2042,1511432,2100,58,13,1,0
2043,1511432,2100,95,19,2,10000
2044,1511432,2100,50,17,1,0
2045,1512231,2100,59,18,1,0
2046,1512983,2100,40,50,1,0
2047,1512983,2100,45,50,2,33500
2048,1512983,2100,72,26,1,10800
2049,1512983,2100,38,17,1,0
2050,1512983,2100,38,16,1,870
2051,1512983,2100,45,10,1,0
2052,1512983,2100,44,9,2,0
